Year,GeoType,Borough,GeoID,BCT2020,Pop1,Male P,FemP,PopU5,Pop5t9,Pop10t14,Pop15t19,Pop20t24,Pop25t29,Pop30t34,Pop35t39,Pop40t44,Pop45t49,Pop50t54,Pop55t59,Pop60t64,Pop65t69,Pop70t74,Pop75t79,Pop80t84,Pop85pl,MdAge,PopU18,Pop65pl,GQClgHsg,Fam,HUnits,OcHU_1P,AvgHHSz,ride activity,Shape_Area,station count
2020,CT2020,Brooklyn,36047000100,3000100,4616,46.3,53.7,239,237,193,119,142,436,471,416,340,309,258,261,234,267,258,185,114,137,40.7,744,961,0,"1,046","2,663",91.2,1.9,9983749.0,2224101.04987,3.0
2020,CT2020,Brooklyn,36047000301,3000301,3850,47.4,52.6,193,158,193,164,159,234,366,380,293,267,284,206,189,222,195,162,96,89,41.2,657,764,74,910,"2,466",77.3,1.98,18928741.0,2164337.28426,3.0
2020,CT2020,Brooklyn,36047000501,3000501,4404,45.8,54.2,192,139,120,249,727,377,394,367,258,202,209,183,162,246,186,166,103,124,35.0,513,825,"1,001",775,"2,081",91.0,1.8,23726641.0,901507.030199,2.0
2020,CT2020,Brooklyn,36047000502,3000502,2640,48.0,52.0,147,86,54,39,89,280,401,302,197,156,147,125,122,132,138,119,59,47,38.5,306,495,0,521,"1,621",93.3,1.74,4165681.0,1041529.09064,2.0
2020,CT2020,Brooklyn,36047000700,3000700,4415,48.4,51.6,326,243,199,143,217,427,530,517,397,309,260,203,169,157,116,106,55,41,36.2,853,475,49,988,"2,312",90.8,2.08,37469317.0,1881577.5897,3.0
2020,CT2020,Brooklyn,36047000900,3000900,5167,49.8,50.2,375,228,123,158,384,600,863,646,427,309,235,155,148,179,119,102,63,53,34.1,777,516,306,"1,108","2,667",92.3,1.96,53119258.0,1769269.4719,4.0
2020,CT2020,Brooklyn,36047001100,3001100,1578,52.3,47.7,85,35,19,25,109,348,370,239,130,67,56,18,23,17,15,10,8,4,32.3,156,54,0,329,957,94.0,1.73,64074850.0,1811205.7422,3.0
2020,CT2020,Brooklyn,36047001300,3001300,2465,49.3,50.7,84,66,65,347,256,164,190,194,162,168,130,117,101,125,141,81,39,35,36.6,248,421,398,433,"1,388",85.9,1.72,58116685.0,3167176.04462,4.0
2020,CT2020,Brooklyn,36047001501,3001501,5161,45.3,54.7,275,206,263,237,473,871,773,512,324,271,232,186,185,153,102,43,31,24,31.5,898,353,0,998,"2,417",92.9,2.21,4389025.0,1776387.8144,2.0
2020,CT2020,Brooklyn,36047001502,3001502,5801,50.9,49.1,275,148,115,120,714,"1,142","1,196",731,442,270,218,179,122,50,53,13,6,7,31.5,593,129,0,"1,000","3,316",88.7,1.85,23855481.0,1520130.88513,3.0
2020,CT2020,Brooklyn,36047001802,3001802,6,66.7,33.3,0,1,1,1,0,0,0,0,0,0,0,0,0,1,2,0,0,0,42.0,3,3,0,0,2,,,759994.0,6395102.66729,3.0
2020,CT2020,Brooklyn,36047002100,3002100,5975,50.5,49.5,520,366,259,142,142,508,989,880,675,538,371,199,127,85,82,42,25,25,35.3,"1,241",259,0,"1,486","2,942",92.4,2.2,173733602.0,5707270.12542,6.0
2020,CT2020,Brooklyn,36047002300,3002300,3940,42.0,58.0,200,246,279,272,360,294,258,219,205,191,240,323,272,206,157,110,50,58,36.0,889,581,0,"1,014","1,526",98.0,2.64,6864400.0,1961474.09876,2.0
2020,CT2020,Brooklyn,36047002901,3002901,3149,43.1,56.9,141,178,249,222,243,226,192,164,177,198,229,210,199,219,132,71,59,40,38.7,697,521,0,773,"1,385",93.4,2.35,1401856.0,1167568.46662,2.0
2020,CT2020,Brooklyn,36047003101,3003101,3395,46.1,53.9,162,82,56,189,190,345,561,367,231,140,126,132,96,131,158,122,97,210,36.4,330,718,219,624,"1,630",95.2,1.81,27175369.0,1622624.71305,2.0
2020,CT2020,Brooklyn,36047003102,3003102,0,,,0,0,0,0,0,0,0,0,0,0,0,0,0,0,0,0,0,0,,0,0,0,0,0,,,19452251.0,1467354.68913,4.0
2020,CT2020,Brooklyn,36047003300,3003300,4807,47.8,52.2,275,203,150,113,210,701,954,697,451,285,192,163,142,93,67,55,25,31,33.9,699,271,0,934,"2,730",92.5,1.89,29811700.0,1770404.99252,3.0
2020,CT2020,Brooklyn,36047003500,3003500,2402,47.9,52.1,118,89,61,60,85,245,439,290,222,144,147,153,116,94,52,40,29,18,36.6,310,233,0,498,"1,314",93.3,1.92,109828518.0,1433175.22982,5.0
2020,CT2020,Brooklyn,36047003700,3003700,4565,50.2,49.8,274,113,98,65,258,909,"1,254",717,327,193,108,88,61,51,21,13,5,10,31.9,528,100,0,910,"2,917",90.1,1.73,65339113.0,1788976.49694,4.0
2020,CT2020,Brooklyn,36047003900,3003900,2644,45.1,54.9,189,87,71,57,116,319,359,316,214,191,159,145,113,99,93,50,39,27,36.8,382,308,0,537,"1,451",93.2,1.92,4100625.0,1681273.00436,2.0
2020,CT2020,Brooklyn,36047004100,3004100,3398,47.0,53.0,184,122,120,112,141,330,515,383,260,231,187,163,163,144,111,80,57,95,36.9,500,487,0,699,"1,607",92.1,2.16,3786916.0,1743811.53445,2.0
2020,CT2020,Brooklyn,36047004300,3004300,3810,49.9,50.1,290,153,129,142,158,446,601,522,336,221,223,168,142,91,61,57,27,43,34.9,645,279,40,808,"1,978",92.6,2.06,13675204.0,1774542.76845,2.0
2020,CT2020,Brooklyn,36047004500,3004500,3476,46.9,53.1,202,175,142,109,108,314,528,410,297,231,188,196,171,139,133,69,26,38,36.8,592,405,0,808,"1,806",92.7,2.08,16970605.0,1835597.21002,3.0
2020,CT2020,Brooklyn,36047004700,3004700,1951,47.4,52.6,140,154,127,84,62,108,156,243,195,176,164,109,87,49,42,26,20,9,38.2,482,146,0,464,850,94.0,2.37,31071001.0,2928274.58373,4.0
2020,CT2020,Brooklyn,36047005100,3005100,2658,49.2,50.8,188,235,187,104,92,133,227,314,284,249,183,142,84,88,58,37,28,25,37.4,679,236,0,645,"1,199",92.0,2.41,5004169.0,1969090.12915,2.0
2020,CT2020,Brooklyn,36047005301,3005301,2164,50.0,50.0,85,130,154,117,84,125,229,220,218,247,177,104,94,72,44,32,21,11,39.0,443,180,0,507,"1,037",90.7,2.28,8982395.0,6104697.22366,6.0
2020,CT2020,Brooklyn,36047005302,3005302,86,55.8,44.2,1,2,3,7,1,27,19,2,5,4,2,0,7,5,0,1,0,0,30.5,12,6,0,15,38,92.1,2.17,1340089.0,8312250.02999,4.0
2020,CT2020,Brooklyn,36047005900,3005900,1742,53.7,46.3,89,82,70,79,94,196,254,205,166,124,111,129,66,21,23,12,10,11,35.1,286,77,0,306,741,93.3,2.27,4049034.0,3843225.68258,5.0
2020,CT2020,Brooklyn,36047006300,3006300,2007,46.9,53.1,161,161,110,62,40,136,240,289,222,126,121,83,81,43,56,41,25,10,36.8,479,175,0,496,985,90.9,2.24,8357881.0,1081285.37532,2.0
2020,CT2020,Brooklyn,36047006500,3006500,5461,47.5,52.5,375,378,289,157,148,377,689,702,619,405,340,239,191,183,139,95,56,79,37.0,"1,157",552,0,"1,361","2,696",90.5,2.23,7699050.0,2678036.34305,3.0
2020,CT2020,Brooklyn,36047006700,3006700,3618,48.1,51.9,309,306,213,101,89,235,369,403,403,304,223,172,145,108,102,53,45,38,37.3,902,346,0,905,"1,604",92.3,2.44,8247290.0,1680804.25047,3.0
2020,CT2020,Brooklyn,36047006901,3006901,1631,50.0,50.0,83,85,74,51,63,190,259,179,149,97,94,87,64,63,44,27,15,7,35.3,273,156,0,379,853,91.3,2.08,51423241.0,801476.27677,2.0
2020,CT2020,Brooklyn,36047006902,3006902,1962,47.8,52.2,172,103,75,47,64,241,289,273,189,114,116,71,53,46,52,29,8,20,34.8,383,155,0,458,891,96.0,2.29,9875848.0,1126489.7066,3.0
2020,CT2020,Brooklyn,36047007100,3007100,4362,42.2,57.8,208,274,330,286,292,384,328,296,281,257,308,298,189,194,149,128,78,82,36.2,994,631,0,"1,079","1,807",95.8,2.52,5795117.0,1840524.26206,3.0
2020,CT2020,Brooklyn,36047007500,3007500,4691,47.5,52.5,293,267,237,183,171,333,578,561,480,317,296,239,209,159,137,113,54,64,37.4,929,527,0,"1,142","2,310",91.8,2.21,22536987.0,3052490.56786,4.0
2020,CT2020,Brooklyn,36047007700,3007700,5690,48.3,51.7,351,384,297,147,146,441,901,767,598,417,290,225,184,174,110,86,72,100,36.1,"1,137",542,0,"1,283","2,908",93.2,2.09,24067193.0,4166505.20618,6.0
2020,CT2020,Brooklyn,36047008500,3008500,6673,41.2,58.8,427,466,528,515,501,479,441,365,341,359,376,447,388,353,276,200,125,86,34.7,"1,715","1,040",0,"1,794","2,875",96.9,2.4,966526.0,2624917.63267,4.0
2020,CT2020,Brooklyn,36047011700,3011700,2672,48.4,51.6,135,121,100,104,122,318,386,386,269,180,135,118,82,76,53,40,24,23,35.5,421,216,0,597,"1,308",91.8,2.22,1718721.0,2163265.16317,2.0
2020,CT2020,Brooklyn,36047011901,3011901,1589,52.0,48.0,92,56,51,50,83,203,229,207,124,82,90,68,89,53,52,34,10,16,35.6,237,165,0,305,720,90.7,2.19,23030394.0,5040710.77591,6.0
2020,CT2020,Brooklyn,36047012100,3012100,1916,47.3,52.7,114,73,84,45,75,247,321,265,184,95,96,86,80,65,34,22,12,18,35.0,295,151,0,431,952,87.2,2.31,5895117.0,1593259.29446,3.0
2020,CT2020,Brooklyn,36047012700,3012700,4036,47.7,52.3,219,192,183,154,245,490,547,415,306,223,210,211,183,134,122,102,65,35,34.9,692,458,0,821,"1,782",95.4,2.24,3415104.0,1759480.86175,2.0
2020,CT2020,Brooklyn,36047012901,3012901,2333,47.9,52.1,126,100,77,72,95,363,356,262,229,165,125,83,85,69,65,32,12,17,34.7,343,195,0,536,"1,156",92.8,2.17,35729137.0,1390943.05244,3.0
2020,CT2020,Brooklyn,36047012902,3012902,3318,46.0,54.0,183,137,123,87,123,578,610,438,270,184,139,130,95,74,67,44,14,22,33.3,498,221,0,660,"1,705",95.5,2.02,10419984.0,1461597.0243,2.0
2020,CT2020,Brooklyn,36047013100,3013100,3979,47.3,52.7,275,174,130,113,176,536,611,492,337,237,220,188,155,123,79,59,42,32,34.7,655,335,0,884,"1,913",93.6,2.2,8706058.0,1684555.97653,3.0
2020,CT2020,Brooklyn,36047013300,3013300,4411,47.0,53.0,341,286,208,141,179,350,629,564,427,324,244,176,157,130,102,62,52,39,35.7,919,385,0,"1,069","1,996",94.9,2.33,21232180.0,1596011.12566,3.0
2020,CT2020,Brooklyn,36047013500,3013500,3799,47.0,53.0,294,289,202,135,134,291,392,449,401,306,229,193,158,123,89,54,33,27,37.2,881,326,0,947,"1,615",94.4,2.43,11792356.0,1635300.95979,2.0
2020,CT2020,Brooklyn,36047013700,3013700,3406,48.4,51.6,210,192,132,122,154,337,436,388,290,229,214,159,171,140,84,59,39,50,36.1,622,372,0,820,"1,663",93.9,2.17,3618457.0,1638365.95586,3.0
2020,CT2020,Brooklyn,36047013900,3013900,3727,45.8,54.2,178,178,164,152,267,492,470,364,322,231,203,166,162,127,100,77,41,33,34.4,619,378,0,816,"1,643",94.0,2.41,3028321.0,1631336.71545,3.0
2020,CT2020,Brooklyn,36047014101,3014101,1621,45.2,54.8,122,140,92,56,98,185,189,172,123,105,94,63,51,56,31,20,9,15,32.9,388,131,0,330,616,93.0,2.39,6456681.0,816606.780876,2.0
2020,CT2020,Brooklyn,36047014901,3014901,1529,45.8,54.2,105,95,63,48,48,141,205,189,144,111,112,80,61,58,40,18,8,3,35.9,301,127,0,378,701,93.4,2.24,4787344.0,807279.670915,2.0
2020,CT2020,Brooklyn,36047015100,3015100,3696,47.2,52.8,236,254,235,135,115,282,386,394,364,290,244,204,149,153,120,69,34,32,37.6,818,408,0,943,"1,684",92.9,2.36,2752281.0,1607114.1849,2.0
2020,CT2020,Brooklyn,36047015300,3015300,2633,47.9,52.1,156,191,160,84,113,213,298,273,235,211,171,137,102,93,86,58,25,27,37.2,575,289,0,657,"1,252",90.0,2.33,7522874.0,1619490.17221,3.0
2020,CT2020,Brooklyn,36047015500,3015500,3466,47.8,52.2,244,266,208,137,120,221,331,356,295,272,235,178,180,130,164,63,33,33,38.0,810,423,0,845,"1,572",93.3,2.36,6827769.0,1610814.62139,2.0
2020,CT2020,Brooklyn,36047015700,3015700,4447,45.4,54.6,304,295,212,115,152,333,538,472,383,350,263,178,192,209,220,110,55,66,37.8,894,660,0,"1,067","2,199",93.5,2.16,8566249.0,1802056.2438,3.0
2020,CT2020,Brooklyn,36047015900,3015900,5206,47.7,52.3,296,237,213,135,151,392,680,553,447,372,333,275,240,261,292,175,88,66,39.5,844,882,0,"1,220","2,752",93.1,2.03,41744177.0,2699300.41947,4.0
2020,CT2020,Brooklyn,36047016100,3016100,3450,45.8,54.2,249,157,106,92,126,438,488,430,298,217,190,154,145,104,117,58,52,29,35.9,581,360,0,758,"1,637",94.6,2.23,20891205.0,1964156.72047,3.0
2020,CT2020,Brooklyn,36047016300,3016300,4088,47.5,52.5,310,226,140,105,136,449,645,579,352,248,205,164,176,130,100,51,32,40,35.2,739,353,0,953,"2,037",93.6,2.14,6916900.0,1980070.64592,2.0
2020,CT2020,Brooklyn,36047017700,3017700,15,40.0,60.0,1,1,0,2,0,0,0,1,0,3,2,0,1,2,0,2,0,0,48.5,4,4,0,6,7,100.0,1.86,28055377.0,27324218.9586,5.0
2020,CT2020,Brooklyn,36047017900,3017900,3895,45.8,54.2,234,124,152,161,218,350,403,330,233,196,211,208,222,212,217,176,127,121,39.6,610,853,0,801,"1,611",97.3,2.28,3175524.0,1705006.94734,2.0
2020,CT2020,Brooklyn,36047018100,3018100,4204,46.8,53.2,202,172,144,110,125,491,669,527,397,319,242,183,167,123,117,80,77,59,36.6,595,456,0,836,"2,374",93.8,1.88,7695076.0,1823380.15384,2.0
2020,CT2020,Brooklyn,36047018300,3018300,2784,47.6,52.4,196,134,126,97,110,310,429,354,280,229,153,89,81,69,44,41,18,24,34.9,527,196,0,581,"1,390",90.3,2.22,12006225.0,1477789.70284,2.0
2020,CT2020,Brooklyn,36047018501,3018501,4461,43.6,56.4,291,257,396,284,383,374,364,309,257,254,252,252,236,184,152,103,60,53,33.1,"1,128",552,0,"1,056","1,798",96.3,2.53,5098564.0,1189362.19719,2.0
2020,CT2020,Brooklyn,36047018700,3018700,1336,50.2,49.8,81,60,62,31,100,168,188,162,125,92,80,53,38,39,21,16,14,6,34.5,227,96,0,283,650,87.7,2.29,23397712.0,917703.128426,3.0
2020,CT2020,Brooklyn,36047019300,3019300,6279,36.9,63.1,204,199,177,861,"1,246",463,435,357,330,286,267,268,254,223,250,165,154,140,29.8,674,932,"1,624",945,"2,736",91.5,1.85,43286818.0,2903179.02506,5.0
2020,CT2020,Brooklyn,36047019700,3019700,3585,47.9,52.1,208,189,123,106,130,302,494,410,337,284,235,198,137,129,137,83,40,43,37.5,595,432,0,813,"1,842",92.1,2.1,12730505.0,1828072.27507,3.0
2020,CT2020,Brooklyn,36047019900,3019900,3978,45.1,54.9,211,124,134,95,209,575,796,471,281,236,187,161,139,112,92,71,39,45,33.9,530,359,0,786,"2,304",89.1,1.94,16032977.0,2037876.58823,3.0
2020,CT2020,Brooklyn,36047020100,3020100,3862,45.6,54.4,216,164,149,120,169,530,596,478,327,299,205,184,125,91,90,57,27,35,34.9,606,300,0,776,"2,084",85.1,2.17,2696164.0,1884866.87403,2.0
2020,CT2020,Brooklyn,36047020300,3020300,2132,47.7,52.3,170,120,56,47,97,294,328,270,173,161,100,78,64,56,51,18,25,24,34.3,376,174,0,464,961,92.9,2.31,10768941.0,1512111.18253,3.0
2020,CT2020,Brooklyn,36047020500,3020500,3405,45.8,54.2,268,158,126,75,108,398,636,468,303,257,169,120,88,92,62,33,18,26,34.4,600,231,0,773,"1,700",95.1,2.11,6636986.0,1718969.95323,3.0
2020,CT2020,Brooklyn,36047020700,3020700,4871,45.9,54.1,257,235,199,167,183,493,645,556,399,331,278,277,216,213,173,119,67,63,37.2,808,635,0,"1,129","2,368",95.1,2.16,14497109.0,1480427.21558,4.0
2020,CT2020,Brooklyn,36047021100,3021100,2505,47.7,52.3,140,120,117,107,136,269,348,278,210,168,159,151,118,68,52,34,10,20,35.2,444,184,0,536,"1,264",90.7,2.18,22090153.0,2959763.13696,3.0
2020,CT2020,Brooklyn,36047021300,3021300,3880,43.4,56.6,141,113,166,164,258,462,500,338,269,250,204,216,206,202,147,93,69,82,36.7,517,593,0,841,"1,865",96.0,2.16,453508.0,1978483.70642,3.0
2020,CT2020,Brooklyn,36047021700,3021700,4351,43.0,57.0,223,191,164,164,280,691,650,424,314,204,187,168,176,159,105,110,77,64,33.3,694,515,0,926,"2,074",94.1,2.23,518400.0,1285839.31023,2.0
2020,CT2020,Brooklyn,36047021900,3021900,4225,44.9,55.1,193,136,91,102,355,772,730,475,264,177,176,151,162,137,103,67,60,74,32.9,474,441,0,743,"2,095",91.0,2.18,9703882.0,1582742.17788,3.0
2020,CT2020,Brooklyn,36047022100,3022100,3897,47.8,52.2,150,103,104,113,312,699,655,409,245,195,190,189,170,126,115,38,43,41,33.2,423,363,0,643,"1,914",88.9,2.18,8795700.0,1635894.76524,3.0
2020,CT2020,Brooklyn,36047022700,3022700,4515,48.2,51.8,236,161,173,174,327,750,714,477,313,258,217,172,168,148,97,54,37,39,33.0,677,375,0,808,"2,252",89.1,2.21,6181570.0,2588318.213,4.0
2020,CT2020,Brooklyn,36047022900,3022900,3923,46.0,54.0,207,143,152,134,269,605,633,477,315,238,178,167,149,92,65,39,40,20,33.4,577,256,0,710,"1,901",90.2,2.27,5175625.0,1849568.34767,2.0
2020,CT2020,Brooklyn,36047023300,3023300,5961,46.1,53.9,415,395,410,390,492,730,643,545,379,325,270,285,213,172,107,98,40,52,30.8,"1,450",469,0,"1,248","2,317",94.2,2.73,7993250.0,1849442.00528,3.0
2020,CT2020,Brooklyn,36047024100,3024100,3175,48.8,51.2,325,195,112,113,329,541,505,326,183,126,100,57,56,43,59,48,20,37,29.8,693,207,0,606,"1,451",90.6,2.41,1965604.0,1939949.75729,2.0
2020,CT2020,Brooklyn,36047024300,3024300,4347,46.6,53.4,186,158,151,159,324,629,658,474,316,253,204,208,167,141,133,89,45,52,34.2,587,460,0,828,"2,120",92.3,2.22,6135529.0,1661539.49831,2.0
2020,CT2020,Brooklyn,36047024500,3024500,4257,48.0,52.0,159,193,179,190,252,639,582,389,338,292,266,217,195,125,103,62,39,37,34.3,636,366,0,828,"1,999",91.5,2.33,10407076.0,1795931.7412,2.0
2020,CT2020,Brooklyn,36047024900,3024900,4264,46.0,54.0,219,171,148,186,314,662,640,443,314,199,215,185,184,134,77,80,43,50,32.9,649,384,0,769,"2,051",91.7,2.25,3148525.0,1813352.57505,3.0
2020,CT2020,Brooklyn,36047025100,3025100,4209,45.8,54.2,164,218,237,261,323,519,530,364,239,248,182,242,176,160,135,77,68,66,33.4,764,506,0,775,"1,647",93.4,2.63,2883204.0,1490422.89598,2.0
2020,CT2020,Brooklyn,36047025300,3025300,3517,48.5,51.5,243,154,122,142,373,577,481,298,189,194,174,131,121,93,73,78,31,43,31.1,602,318,0,666,"1,631",89.3,2.42,1982464.0,1741979.53604,2.0
2020,CT2020,Brooklyn,36047025500,3025500,4799,40.3,59.7,246,335,332,400,416,412,319,281,263,267,328,318,283,200,147,100,87,65,33.7,"1,151",599,0,"1,195","1,721",99.2,2.81,2486248.0,1492220.44066,3.0
2020,CT2020,Brooklyn,36047025700,3025700,2822,52.8,47.2,317,243,164,132,251,491,337,178,147,116,112,78,75,68,47,29,21,16,28.2,815,181,0,509,917,94.9,3.24,2064969.0,1949087.11535,2.0
2020,CT2020,Brooklyn,36047025901,3025901,2328,47.0,53.0,167,162,120,118,285,390,333,166,135,118,100,84,53,37,29,12,9,10,29.0,515,97,0,412,822,94.0,2.83,1567504.0,863635.593412,2.0
2020,CT2020,Brooklyn,36047025902,3025902,3560,41.5,58.5,222,278,340,329,286,280,245,230,180,187,177,246,187,122,82,69,50,50,30.8,"1,034",373,0,852,"1,163",98.0,3.12,388129.0,642013.985884,2.0
2020,CT2020,Brooklyn,36047026100,3026100,6479,46.5,53.5,281,311,313,277,615,"1,167",987,598,427,316,262,297,225,159,98,55,54,37,31.2,"1,059",403,0,"1,113","2,826",92.5,2.35,3463321.0,2146491.99548,2.0
2020,CT2020,Brooklyn,36047026300,3026300,2088,46.2,53.8,102,88,96,107,175,266,288,210,130,116,86,128,107,55,55,41,17,21,33.2,348,189,0,432,956,94.2,2.3,824464.0,1287405.88491,2.0
2020,CT2020,Brooklyn,36047026500,3026500,4385,45.6,54.4,213,217,215,206,316,671,632,407,301,239,234,231,161,117,92,57,36,40,32.7,771,342,0,813,"1,849",91.9,2.54,3268864.0,1718284.07002,2.0
2020,CT2020,Brooklyn,36047026900,3026900,3005,47.8,52.2,140,109,113,108,263,423,409,254,208,163,140,169,181,113,84,62,26,40,34.2,420,325,0,617,"1,409",92.5,2.31,2250000.0,1441848.6658,2.0
2020,CT2020,Brooklyn,36047027100,3027100,3493,46.6,53.4,193,172,175,183,321,479,393,325,245,193,170,156,138,125,120,53,31,21,32.3,659,350,0,734,"1,541",91.1,2.48,2304324.0,2660204.62183,2.0
2020,CT2020,Brooklyn,36047027300,3027300,3131,45.2,54.8,125,142,148,130,240,382,387,301,206,198,191,177,135,149,86,61,46,27,35.2,494,369,0,691,"1,396",93.8,2.39,1200680.0,1611451.02047,3.0
2020,CT2020,Brooklyn,36047027500,3027500,4071,47.1,52.9,180,147,153,186,265,612,577,385,311,225,223,220,192,113,127,62,38,55,34.0,583,395,0,784,"1,875",91.5,2.36,1962801.0,1743574.46279,2.0
2020,CT2020,Brooklyn,36047027700,3027700,4351,43.7,56.3,215,298,303,270,347,492,441,363,310,249,256,266,193,144,82,59,33,30,32.5,973,348,0,956,"1,794",92.6,2.61,5631805.0,1745688.01555,3.0
2020,CT2020,Brooklyn,36047027900,3027900,3674,47.1,52.9,155,169,179,160,255,464,452,324,243,225,228,218,172,134,121,79,37,59,35.0,597,430,0,763,"1,734",87.1,2.43,1912689.0,1743088.08863,2.0
2020,CT2020,Brooklyn,36047028100,3028100,4800,46.3,53.7,227,248,266,266,488,740,589,411,301,241,219,264,210,134,66,62,37,31,31.2,890,330,0,961,"1,983",93.2,2.55,2158825.0,1743468.24279,3.0
2020,CT2020,Brooklyn,36047028501,3028501,636,54.7,45.3,21,13,27,22,75,166,71,51,33,22,37,29,27,16,6,7,7,6,29.8,64,42,0,96,233,93.6,2.43,942841.0,895739.649318,2.0
2020,CT2020,Brooklyn,36047028700,3028700,3103,48.9,51.1,143,149,150,145,291,501,414,251,184,129,127,160,121,85,90,82,53,28,31.7,526,338,0,611,"1,348",91.2,2.52,4541161.0,1601115.38739,2.0
2020,CT2020,Brooklyn,36047029700,3029700,3921,46.6,53.4,150,209,224,225,267,364,428,395,273,238,277,213,204,158,125,81,46,44,36.1,739,454,0,847,"1,795",89.7,2.43,2627641.0,2211871.3398,2.0
2020,CT2020,Brooklyn,36047030500,3030500,7249,46.1,53.9,331,279,244,206,467,"1,279","1,333",887,576,365,243,218,203,157,146,105,76,134,32.9,988,618,0,"1,283","3,299",96.7,2.18,14489621.0,3478044.43564,5.0
2020,CT2020,Brooklyn,36047032300,3032300,3509,42.7,57.3,126,135,148,155,260,385,458,273,254,191,211,169,183,167,149,105,79,61,36.5,495,561,0,788,"1,532",95.9,2.39,304704.0,1862961.94738,2.0
2020,CT2020,Brooklyn,36047032500,3032500,6218,44.8,55.2,298,301,264,377,469,726,646,500,327,353,374,373,330,289,215,182,116,78,35.2,"1,087",880,0,"1,326","2,562",95.7,2.53,380132.0,1812069.76948,3.0
2020,CT2020,Brooklyn,36047032700,3032700,3074,45.2,54.8,142,104,87,122,190,386,381,322,227,190,143,159,182,163,116,62,43,55,36.5,407,439,0,667,"1,511",93.7,2.15,8191618.0,1904249.86078,5.0
2020,CT2020,Brooklyn,36047037300,3037300,4385,45.6,54.4,210,241,225,211,362,463,463,327,253,254,226,233,243,176,167,142,96,93,35.2,792,674,0,906,"2,020",92.2,2.34,841.0,1838509.74606,2.0
2020,CT2020,Brooklyn,36047038900,3038900,3570,50.6,49.4,128,121,142,167,366,644,474,293,229,187,167,156,107,109,104,85,56,35,31.9,500,389,0,583,"1,488",92.7,2.42,648605.0,1753535.47123,3.0
2020,CT2020,Brooklyn,36047039100,3039100,5776,49.2,50.8,183,172,190,244,668,"1,427","1,048",495,282,207,202,167,161,111,65,53,60,41,30.0,694,330,0,948,"3,008",89.9,2.1,800306.0,1788881.25439,3.0
2020,CT2020,Brooklyn,36047039300,3039300,4141,51.3,48.7,159,133,171,144,448,903,661,348,259,176,173,197,134,62,69,47,28,29,30.7,541,235,0,663,"1,821",93.7,2.41,947266.0,2043908.71612,4.0
2020,CT2020,Brooklyn,36047039500,3039500,4030,47.6,52.4,144,165,134,161,439,815,600,319,222,184,170,145,141,102,106,59,66,58,31.0,537,391,0,667,"1,725",91.3,2.5,44980.0,1715478.62591,3.0
2020,CT2020,Brooklyn,36047039700,3039700,3868,47.2,52.8,163,138,153,143,489,692,521,337,206,177,191,167,170,123,88,40,48,22,31.1,540,321,0,686,"1,763",90.9,2.4,482.0,1712820.50019,3.0
2020,CT2020,Brooklyn,36047039900,3039900,4378,45.3,54.7,175,170,252,220,467,651,470,293,251,187,262,231,226,170,128,104,59,62,32.6,725,523,0,701,"1,532",92.4,2.68,17424.0,1627809.17944,2.0
2020,CT2020,Brooklyn,36047040100,3040100,3778,48.3,51.7,202,194,172,166,358,672,468,295,216,219,218,174,156,99,75,40,32,22,31.0,668,268,0,646,"1,510",91.2,2.58,36.0,1718319.03173,2.0
2020,CT2020,Brooklyn,36047040300,3040300,3892,47.8,52.2,144,187,180,192,355,629,456,341,264,208,207,167,144,117,134,76,44,47,32.7,625,418,0,729,"1,612",89.8,2.66,576.0,2208072.00507,2.0
2020,CT2020,Brooklyn,36047040900,3040900,3800,48.2,51.8,178,208,215,203,417,518,421,302,257,205,198,209,163,104,81,59,29,33,31.8,720,306,0,799,"1,420",94.6,2.83,64.0,1773606.99179,2.0
2020,CT2020,Brooklyn,36047041100,3041100,3332,47.5,52.5,156,132,180,165,331,534,364,237,166,189,196,137,144,133,110,57,40,61,31.8,561,401,0,657,"1,283",91.8,2.82,16.0,1433607.15244,2.0
2020,CT2020,Brooklyn,36047041300,3041300,3951,48.0,52.0,193,197,215,240,437,586,410,223,237,184,207,183,174,173,73,92,56,71,30.8,754,465,0,779,"1,446",93.3,2.93,9216.0,1745182.86345,2.0
2020,CT2020,Brooklyn,36047041500,3041500,4032,48.0,52.0,212,176,201,248,409,595,452,303,259,229,239,178,172,135,97,62,33,32,32.0,740,359,0,797,"1,464",89.9,3.06,10825.0,1750287.74375,2.0
2020,CT2020,Brooklyn,36047041900,3041900,3880,48.1,51.9,210,198,208,205,439,573,395,242,218,223,179,191,202,161,96,61,41,38,31.1,740,397,0,785,"1,413",94.3,2.91,11449.0,1646861.68824,2.0
2020,CT2020,Brooklyn,36047042100,3042100,4866,47.5,52.5,204,192,253,247,631,909,647,406,271,206,220,160,147,119,109,71,38,36,30.0,793,373,0,792,"1,816",94.9,2.73,5041.0,1651413.33408,2.0
2020,CT2020,Brooklyn,36047042300,3042300,4566,50.6,49.4,175,165,187,208,470,871,644,433,248,206,190,157,136,134,97,81,60,104,31.3,653,476,0,766,"1,686",94.7,2.71,1666015.0,1961468.1975,5.0
2020,CT2020,Brooklyn,36047042500,3042500,3026,50.5,49.5,114,118,129,157,419,576,451,249,171,136,130,99,99,69,41,23,22,23,30.0,449,178,0,530,"1,144",95.7,2.75,1108475.0,1806380.02429,4.0
2020,CT2020,Brooklyn,36047042700,3042700,4920,49.8,50.2,192,185,221,268,672,976,704,437,263,192,216,203,120,113,78,34,32,14,29.7,753,271,0,796,"1,925",94.6,2.7,857476.0,1595262.24548,2.0
2020,CT2020,Brooklyn,36047042900,3042900,5556,50.4,49.6,256,279,308,314,659,"1,018",747,508,352,273,252,170,152,87,83,37,34,27,29.6,"1,039",268,0,957,"2,062",95.3,2.83,2174385.0,1809836.58904,4.0
2020,CT2020,Brooklyn,36047043100,3043100,4884,48.3,51.7,173,237,274,264,505,991,711,439,298,221,169,147,144,99,108,39,35,30,30.0,846,311,0,818,"1,864",95.4,2.74,1113025.0,1810786.76409,2.0
2020,CT2020,Brooklyn,36047043300,3043300,3843,48.5,51.5,179,209,200,212,385,562,420,254,241,203,169,160,155,143,136,110,43,62,31.6,705,494,0,733,"1,455",94.6,2.77,84566.0,1810979.35966,4.0
2020,CT2020,Brooklyn,36047043500,3043500,4709,50.5,49.5,239,230,269,285,503,720,562,352,286,249,230,226,189,132,94,55,55,33,30.7,914,369,0,948,"1,635",94.1,3.05,164836.0,1810895.27328,2.0
2020,CT2020,Brooklyn,36047043700,3043700,5282,50.6,49.4,239,231,269,286,500,862,637,474,322,280,245,241,207,193,133,78,46,39,31.6,902,489,0,959,"1,952",92.1,2.91,1.0,1809983.89257,1.0
2020,CT2020,Brooklyn,36047043900,3043900,4097,49.6,50.4,165,213,235,217,399,590,415,300,265,272,220,200,171,149,107,84,48,47,32.1,738,435,0,823,"1,441",92.9,3.02,328845.0,2152392.91291,4.0
2020,CT2020,Brooklyn,36047044100,3044100,5526,49.8,50.2,277,299,274,311,520,861,667,453,409,320,213,224,206,129,113,95,80,75,31.5,"1,031",492,0,"1,020","2,025",95.0,2.87,47524.0,1528572.59374,2.0
2020,CT2020,Brooklyn,36047044300,3044300,5195,50.0,50.0,245,240,250,271,511,833,748,418,336,317,246,254,180,131,92,55,38,30,31.4,905,346,0,"1,001","2,070",92.0,2.73,226273.0,1805749.92638,3.0
2020,CT2020,Brooklyn,36047044500,3044500,4207,49.7,50.3,179,188,232,212,425,544,527,370,330,284,196,197,143,156,95,49,42,38,33.0,746,380,0,837,"1,689",94.3,2.64,370708.0,1827455.9033,3.0
2020,CT2020,Brooklyn,36047044700,3044700,2459,50.3,49.7,166,170,137,95,213,358,361,235,167,134,127,87,76,48,50,18,7,10,31.2,528,133,0,384,909,93.9,2.44,3418683.0,1752244.61959,5.0
2020,CT2020,Brooklyn,36047044901,3044901,2694,42.8,57.2,168,171,190,130,214,223,266,170,186,139,170,134,159,130,100,50,43,51,34.7,597,374,0,639,"1,134",95.9,2.43,1595765.0,4142652.6406,4.0
2020,CT2020,Brooklyn,36047044902,3044902,44,38.6,61.4,1,2,3,0,4,6,10,0,7,2,1,2,5,1,0,0,0,0,32.3,6,1,0,9,22,68.2,2.93,23153.0,18813945.3163,3.0
2020,CT2020,Brooklyn,36047045300,3045300,1886,56.9,43.1,51,50,56,65,218,350,320,222,135,109,105,74,47,22,25,13,11,13,32.1,200,84,0,283,786,93.4,2.34,658306.0,3440160.2139,4.0
2020,CT2020,Brooklyn,36047047700,3047700,4226,51.5,48.5,192,112,62,49,289,877,896,614,361,184,153,119,97,56,71,26,27,41,32.9,405,221,0,766,"2,172",92.2,2.05,7625499.0,2342850.51791,4.0
2020,CT2020,Brooklyn,36047048100,3048100,3105,49.0,51.0,104,71,61,50,227,685,544,368,220,148,94,71,71,73,90,80,88,60,33.0,267,391,0,518,"1,641",94.8,1.98,1247233.0,1629522.25963,3.0
2020,CT2020,Brooklyn,36047048500,3048500,2470,55.6,44.4,84,51,59,74,336,498,388,275,177,132,105,96,68,47,23,21,21,15,31.5,221,127,0,379,"1,054",90.7,2.43,4850906.0,6259294.18143,8.0
2020,CT2020,Brooklyn,36047048900,3048900,3757,40.9,59.1,221,236,282,302,303,295,259,209,193,217,210,231,215,175,162,113,71,63,34.6,926,584,0,951,"1,447",97.9,2.65,777924.0,985798.415472,2.0
2020,CT2020,Brooklyn,36047049302,3049302,5476,46.8,53.2,224,179,230,282,637,982,723,478,311,238,225,215,186,153,176,101,71,65,31.0,801,566,0,"1,011","2,370",94.6,2.44,6120676.0,1724511.6779,2.0
2020,CT2020,Brooklyn,36047049500,3049500,3114,49.6,50.4,116,83,85,66,279,594,608,371,224,163,138,133,60,72,40,29,22,31,32.4,316,194,0,533,"1,522",93.8,2.18,12007201.0,1389722.74999,3.0
2020,CT2020,Brooklyn,36047049700,3049700,3141,48.9,51.1,143,98,66,43,139,545,656,518,285,166,130,73,70,50,39,38,45,37,33.9,337,209,0,588,"1,768",93.4,1.9,25770853.0,1772556.57226,3.0
2020,CT2020,Brooklyn,36047049900,3049900,2147,49.8,50.2,96,105,34,32,117,367,407,278,189,111,75,59,102,62,45,26,24,18,34.0,260,175,0,395,"1,080",93.5,2.12,1522210.0,1530256.85976,3.0
2020,CT2020,Brooklyn,36047050100,3050100,2951,49.7,50.3,116,58,68,61,152,538,603,370,207,144,117,99,89,78,71,54,50,76,33.9,274,329,0,575,"1,625",92.6,1.96,13855145.0,1857456.03194,3.0
2020,CT2020,Brooklyn,36047050300,3050300,2759,47.7,52.3,105,65,51,52,245,592,478,346,191,126,80,88,96,69,58,43,22,52,32.3,251,244,0,498,"1,414",93.3,2.09,11512449.0,1348755.44076,2.0
2020,CT2020,Brooklyn,36047050500,3050500,4567,46.1,53.9,184,169,162,149,409,786,549,381,234,212,214,235,228,213,193,108,79,62,33.7,598,655,0,924,"2,146",94.3,2.22,14759099.0,1823285.59642,4.0
2020,CT2020,Brooklyn,36047050700,3050700,3545,51.1,48.9,509,534,494,416,339,194,232,238,176,143,74,55,51,23,22,14,11,20,17.4,"1,815",90,0,623,785,94.5,4.77,4391105.0,1877637.02701,3.0
2020,CT2020,Brooklyn,36047050900,3050900,5112,50.9,49.1,780,720,745,602,427,412,247,269,230,212,152,94,112,48,29,12,8,13,17.3,"2,646",110,0,862,"1,126",95.2,4.76,1710864.0,1526103.18711,2.0
2020,CT2020,Brooklyn,36047051100,3051100,4545,47.9,52.1,145,161,165,134,422,739,553,362,273,204,214,232,247,226,184,124,86,74,34.4,543,694,0,890,"2,058",96.4,2.27,4569361.0,1711548.91023,3.0
2020,CT2020,Brooklyn,36047051300,3051300,5526,49.0,51.0,182,117,125,115,409,"1,326","1,118",678,335,213,173,178,139,133,121,61,56,47,31.8,493,418,0,917,"2,887",89.9,2.1,14707225.0,2775918.87718,2.0
2020,CT2020,Brooklyn,36047051500,3051500,2451,49.7,50.3,148,68,46,30,96,440,626,395,234,127,78,39,43,40,8,12,6,15,33.0,288,81,0,479,"1,331",94.9,1.94,27864990.0,2013938.66454,5.0
2020,CT2020,Brooklyn,36047051700,3051700,2636,52.6,47.4,129,57,42,31,104,470,605,431,294,125,87,74,59,46,38,17,11,16,34.0,251,128,0,498,"1,592",91.5,1.81,43273898.0,2020312.39243,3.0
2020,CT2020,Brooklyn,36047051900,3051900,6101,49.7,50.3,301,120,85,57,364,"1,400","1,468",906,506,277,191,121,88,64,66,38,21,28,32.3,542,217,0,"1,046","3,518",91.0,1.9,75200818.0,2959027.8946,5.0
2020,CT2020,Brooklyn,36047052300,3052300,5405,46.6,53.4,206,159,167,199,492,"1,019",693,451,347,273,237,220,229,223,195,139,86,70,33.0,653,713,0,"1,052","2,490",96.0,2.25,86118400.0,1555953.93194,2.0
2020,CT2020,Brooklyn,36047052500,3052500,3720,47.6,52.4,405,331,255,235,300,430,329,243,167,134,117,139,137,154,123,66,54,101,29.0,"1,129",498,0,726,"1,425",94.3,2.77,16769025.0,1340183.55661,2.0
2020,CT2020,Brooklyn,36047052700,3052700,6045,46.4,53.6,248,236,259,281,640,973,709,499,369,312,282,267,284,234,183,112,89,68,32.3,889,686,0,"1,196","2,603",92.6,2.5,18197192.0,2047896.17132,3.0
2020,CT2020,Brooklyn,36047052900,3052900,4299,51.2,48.8,829,497,344,347,496,429,277,151,128,122,126,95,107,142,114,33,31,31,21.3,"1,867",351,0,856,"1,178",92.1,3.88,3174986.0,1882580.84348,3.0
2020,CT2020,Brooklyn,36047054300,3054300,5,,100.0,1,1,0,0,0,0,0,1,1,0,1,0,0,0,0,0,0,0,35.5,2,0,0,0,2,,,18619983.0,10106059.8309,6.0
2020,CT2020,Brooklyn,36047054700,3054700,7855,49.3,50.7,993,770,656,602,844,833,737,524,467,323,302,222,178,153,115,49,43,44,25.4,"2,763",404,0,"1,663","3,102",84.7,2.99,21464404.0,1825019.46301,3.0
2020,CT2020,Brooklyn,36047054900,3054900,4748,50.1,49.9,336,330,280,219,262,804,872,604,378,241,132,90,73,42,39,27,10,9,30.8,"1,094",127,0,826,"2,276",91.4,2.28,74470216.0,2097786.52356,3.0
2020,CT2020,Brooklyn,36047055100,3055100,6343,47.2,52.8,273,184,187,164,423,"1,244","1,124",727,457,335,283,238,161,198,121,91,77,56,32.9,743,543,0,"1,148","3,555",89.9,1.97,31102929.0,2510822.12305,2.0
2020,CT2020,Brooklyn,36047055300,3055300,3078,52.5,47.5,124,76,57,74,213,552,568,387,249,137,137,129,88,99,82,36,34,36,33.8,314,287,0,489,"1,656",89.7,1.94,208817153.0,1681865.62203,4.0
2020,CT2020,Brooklyn,36047055500,3055500,8688,50.3,49.7,611,323,193,161,302,"1,336","1,829","1,409",940,512,364,234,202,134,68,38,17,15,33.9,"1,231",272,0,"1,862","4,922",91.8,1.92,54612100.0,2830476.76254,2.0
2020,CT2020,Brooklyn,36047055700,3055700,1848,49.2,50.8,95,46,30,21,103,364,403,257,143,104,93,40,47,33,39,11,8,11,33.1,181,102,0,380,"1,087",90.0,1.89,87249185.0,3195112.35255,3.0
2020,CT2020,Brooklyn,36047056100,3056100,3460,49.4,50.6,156,91,84,57,164,507,615,501,274,216,150,153,121,148,91,57,35,40,35.5,363,371,0,705,"1,785",92.0,2.07,36016686.0,3577848.2339,4.0
2020,CT2020,Brooklyn,36047056301,3056301,4923,50.0,50.0,222,117,87,105,259,748,992,670,412,257,238,193,175,131,101,69,77,70,34.6,485,448,0,934,"2,650",90.0,1.99,29118785.0,1932228.63439,3.0
2020,CT2020,Brooklyn,36047056302,3056302,2002,47.8,52.2,183,160,114,59,60,244,353,274,171,117,78,56,71,20,11,7,4,20,32.3,500,62,0,483,"1,117",84.3,2.11,9168784.0,2050580.93545,2.0
2020,CT2020,Brooklyn,36047056500,3056500,3738,49.7,50.3,186,106,76,68,145,515,742,572,338,220,151,132,124,145,84,50,46,38,35.2,407,363,0,742,"2,017",92.4,1.98,50900065.0,2557314.29209,3.0
2020,CT2020,Brooklyn,36047057100,3057100,4267,48.4,51.6,176,101,98,67,195,653,712,637,344,224,205,178,214,191,85,72,61,54,35.8,421,463,0,857,"2,300",92.4,2.0,24822628.0,1892836.46675,3.0
2020,CT2020,Brooklyn,36047057500,3057500,4902,49.0,51.0,186,133,107,82,314,828,"1,041",669,364,260,181,174,152,133,106,66,45,61,33.7,469,411,0,903,"2,622",92.3,2.01,17783089.0,1952560.4305,2.0
2020,CT2020,Brooklyn,36047057901,3057901,1416,52.3,47.7,39,43,30,41,89,254,242,188,102,93,70,65,49,46,33,11,12,9,34.3,134,111,0,282,657,91.2,2.2,15339634.0,2643877.27508,4.0
2020,CT2020,Brooklyn,36047057902,3057902,0,,,0,0,0,0,0,0,0,0,0,0,0,0,0,0,0,0,0,0,,0,0,0,0,0,,,410881.0,5305925.13232,2.0
2020,CT2020,Brooklyn,36047059100,3059100,3856,48.5,51.5,165,164,106,107,159,500,657,561,379,241,142,161,174,103,86,69,35,47,35.4,504,340,0,819,"2,017",93.6,2.04,28498474.0,2062727.21542,4.0
2020,CT2020,Brooklyn,36047123700,3123700,8586,51.0,49.0,"1,438","1,434","1,327",963,595,482,489,538,551,323,149,87,80,51,25,27,12,15,15.4,"4,862",130,0,"1,428","1,763",95.1,5.12,1430416.0,3459462.47765,2.0
2020,CT2020,Manhattan,36061000202,1000202,7266,44.7,55.3,277,347,344,372,373,357,379,411,408,432,511,521,599,596,490,324,246,279,49.3,"1,205","1,935",0,"1,853","3,512",96.4,2.09,58411658.0,3315114.285,3.0
2020,CT2020,Manhattan,36061000500,1000500,5,20.0,80.0,1,0,0,0,1,0,1,0,1,1,0,0,0,0,0,0,0,0,34.5,1,0,0,0,25,,,9756916.0,9069851.60616,4.0
2020,CT2020,Manhattan,36061000600,1000600,11616,45.8,54.2,407,477,536,550,807,"1,031",913,650,627,557,588,721,733,803,622,464,469,661,43.6,"1,723","3,019",0,"2,690","5,790",83.5,2.34,185806961.0,2582705.15746,4.0
2020,CT2020,Manhattan,36061000700,1000700,10542,48.4,51.6,420,308,218,152,"1,431","2,474","1,749","1,154",776,609,437,313,208,119,82,51,21,20,30.6,"1,030",293,0,"1,757","7,067",83.9,1.76,353031360.0,2439446.11692,8.0
2020,CT2020,Manhattan,36061000800,1000800,10871,48.4,51.6,382,401,401,402,632,733,749,673,601,592,739,873,877,739,723,481,420,453,48.8,"1,430","2,816",0,"2,631","4,809",96.0,2.3,53641141.0,2377774.57487,3.0
2020,CT2020,Manhattan,36061000900,1000900,2016,56.4,43.6,144,69,61,51,89,221,341,235,198,150,123,123,100,55,35,8,8,5,35.5,312,111,0,430,"1,124",80.4,2.04,102815410.0,3130256.31669,5.0
2020,CT2020,Manhattan,36061001002,1001002,6300,42.6,57.4,336,365,439,423,408,417,341,353,342,330,329,382,426,388,350,263,193,215,40.8,"1,408","1,409",0,"1,508","2,419",98.4,2.43,19088161.0,2195050.14204,2.0
2020,CT2020,Manhattan,36061001200,1001200,3776,47.8,52.2,159,170,180,172,151,226,238,248,247,308,263,224,271,220,234,135,142,188,46.5,627,919,0,901,"1,851",96.1,2.09,63259949.0,1298211.21725,3.0
2020,CT2020,Manhattan,36061001300,1001300,5402,46.0,54.0,187,166,146,125,671,"1,207",937,563,383,355,222,182,106,52,55,22,9,14,30.9,581,152,0,892,"3,519",87.6,1.74,193120418.0,3413079.23358,3.0
2020,CT2020,Manhattan,36061001401,1001401,3543,47.8,52.2,167,180,225,145,116,147,185,247,299,342,268,231,207,239,198,136,90,121,45.8,679,784,0,860,"1,871",92.7,2.04,132756484.0,1006116.58429,2.0
2020,CT2020,Manhattan,36061001501,1001501,8385,45.7,54.3,262,262,220,668,910,814,837,728,528,429,421,340,346,426,424,242,222,306,36.3,860,"1,620",982,"1,635","4,465",91.9,1.79,101358596.0,2955567.68399,3.0
2020,CT2020,Manhattan,36061001502,1001502,10378,46.4,53.6,376,317,224,847,"1,935","2,373","1,442",844,546,498,327,241,166,113,75,20,11,23,27.9,"1,027",242,435,"1,440","5,519",86.8,1.94,92447707.0,2245047.48849,4.0
2020,CT2020,Manhattan,36061001600,1001600,7698,48.3,51.7,272,223,257,267,507,878,781,502,482,432,438,436,504,477,414,210,255,363,41.4,917,"1,719",0,"1,659","3,563",92.2,2.27,255178659.0,2232591.52568,4.0
2020,CT2020,Manhattan,36061001800,1001800,7934,48.0,52.0,255,231,217,318,"1,132","1,252",913,564,431,345,348,358,369,384,307,184,148,178,32.7,845,"1,201",337,"1,326","3,942",91.3,2.05,403374695.0,2399276.86435,5.0
2020,CT2020,Manhattan,36061002000,1002000,4648,43.3,56.7,197,247,292,288,328,343,282,249,230,249,292,359,330,305,231,182,126,118,42.4,894,962,0,"1,218","1,874",98.8,2.5,63426058.0,1387290.12348,3.0
2020,CT2020,Manhattan,36061002100,1002100,7811,50.6,49.4,712,593,455,285,336,656,864,869,732,629,562,342,264,221,158,65,40,28,35.0,"1,961",512,0,"1,878","3,781",88.3,2.33,243977882.0,2560061.41982,5.0
2020,CT2020,Manhattan,36061002201,1002201,6969,48.6,51.4,218,252,225,296,684,817,610,435,382,376,407,451,483,439,362,191,162,179,39.3,878,"1,333",0,"1,469","3,357",96.3,2.13,23851130.0,1740173.87581,3.0
2020,CT2020,Manhattan,36061002202,1002202,2488,49.6,50.4,52,42,78,67,280,444,370,253,170,129,153,131,114,64,42,51,20,28,33.3,209,205,0,369,"1,306",92.6,1.9,53129521.0,603922.204241,2.0
2020,CT2020,Manhattan,36061002400,1002400,4518,41.6,58.4,217,259,281,354,322,323,279,253,274,219,258,301,295,298,189,178,112,106,39.5,986,883,0,"1,184","1,771",99.2,2.55,43173665.0,1863566.81727,3.0
2020,CT2020,Manhattan,36061002500,1002500,4630,43.1,56.9,188,223,251,282,289,292,267,243,213,201,272,320,306,359,325,189,207,203,46.5,818,"1,283",0,"1,191","1,954",97.9,2.42,28655149.0,1408269.91443,3.0
2020,CT2020,Manhattan,36061002601,1002601,3609,49.8,50.2,121,158,131,136,358,476,364,266,188,196,216,259,252,209,137,66,60,16,35.9,489,488,0,669,"1,638",95.7,2.2,30647296.0,1141217.52723,2.0
2020,CT2020,Manhattan,36061002700,1002700,1370,47.3,52.7,48,42,48,43,71,81,99,97,83,77,80,100,112,110,80,52,58,89,49.8,164,389,0,348,694,93.5,2.04,23571025.0,641369.164757,2.0
2020,CT2020,Manhattan,36061002800,1002800,6819,46.1,53.9,187,212,247,294,686,773,627,431,365,397,394,443,421,384,367,272,179,140,39.2,829,"1,342",0,"1,339","3,582",94.1,1.99,90897156.0,1973678.4679,2.0
2020,CT2020,Manhattan,36061002902,1002902,4359,47.4,52.6,123,143,142,146,268,423,410,262,287,243,242,263,269,283,307,158,143,247,44.5,494,"1,138",0,994,"2,404",89.4,2.02,52446564.0,1327605.15437,2.0
2020,CT2020,Manhattan,36061003001,1003001,4663,49.4,50.6,84,77,86,80,692,"1,171",742,404,246,205,186,181,172,149,89,35,30,34,30.7,301,337,0,644,"3,005",88.6,1.74,102247146.0,1330481.61766,3.0
2020,CT2020,Manhattan,36061003002,1003002,3035,46.8,53.2,61,56,54,53,327,564,359,208,147,136,156,168,134,159,162,95,103,93,35.8,206,612,0,467,"1,919",92.0,1.71,273499930.0,841097.867635,3.0
2020,CT2020,Manhattan,36061003100,1003100,2989,47.0,53.0,100,57,43,273,945,263,366,226,147,130,88,93,70,58,55,47,13,15,26.4,233,188,"1,064",386,"1,181",77.6,1.87,182445241.0,2207015.17474,4.0
2020,CT2020,Manhattan,36061003200,1003200,8372,48.0,52.0,149,133,141,141,"1,281","1,673",982,557,345,360,368,441,425,491,340,220,155,170,33.1,500,"1,376",0,"1,202","5,077",93.2,1.76,522399861.0,2335526.62183,4.0
2020,CT2020,Manhattan,36061003300,1003300,6458,50.2,49.8,485,432,337,256,284,474,700,608,613,486,424,390,282,283,181,137,48,38,36.7,"1,419",687,0,"1,568","3,421",83.8,2.24,217289453.0,3677727.61844,6.0
2020,CT2020,Manhattan,36061003400,1003400,7012,51.4,48.6,164,97,113,127,"1,117","1,645",914,541,370,298,334,342,313,253,141,100,94,49,31.1,431,637,0,898,"4,564",89.8,1.7,395834449.0,1718451.58588,3.0
2020,CT2020,Manhattan,36061003601,1003601,3513,54.6,45.4,82,110,70,103,285,488,375,287,223,195,231,237,214,220,165,105,55,68,39.4,326,613,0,591,"1,631",89.7,2.06,231293341.0,1082296.16558,3.0
2020,CT2020,Manhattan,36061003602,1003602,3000,50.5,49.5,48,39,54,134,534,524,371,235,154,134,147,173,136,126,108,46,20,17,31.8,179,317,297,397,"1,637",92.5,1.67,132687361.0,961070.500061,2.0
2020,CT2020,Manhattan,36061003700,1003700,3092,48.5,51.5,152,113,102,64,152,391,399,326,233,201,214,174,135,146,136,79,24,51,36.9,408,436,0,629,"2,080",81.8,1.8,723496282.0,4116364.29736,6.0
2020,CT2020,Manhattan,36061003800,1003800,9070,48.4,51.6,109,100,115,293,"1,720","1,932","1,070",621,429,346,382,372,399,367,280,253,139,143,31.0,392,"1,182",320,"1,035","5,799",90.7,1.64,497849960.0,2180047.43844,4.0
2020,CT2020,Manhattan,36061003900,1003900,7036,47.5,52.5,523,449,393,265,400,730,608,588,516,433,406,352,369,393,321,156,85,49,36.3,"1,557","1,004",0,"1,572","3,520",85.8,2.32,350837345.0,3571006.25669,5.0
2020,CT2020,Manhattan,36061004001,1004001,3743,50.8,49.2,73,42,28,40,681,901,493,250,155,138,139,190,157,179,128,75,43,31,30.9,166,456,0,408,"2,380",91.4,1.66,159037321.0,995026.137296,2.0
2020,CT2020,Manhattan,36061004002,1004002,5090,48.3,51.7,95,48,44,"1,080",940,925,567,281,180,153,158,154,115,113,92,58,43,44,26.4,216,350,"1,399",472,"2,297",90.3,1.77,192349161.0,932610.986207,2.0
2020,CT2020,Manhattan,36061004100,1004100,7523,45.0,55.0,187,163,190,254,899,"1,120",841,571,369,333,383,429,399,407,325,191,185,277,35.7,642,"1,385",373,"1,257","3,962",89.0,1.96,275526801.0,2058611.77685,2.0
2020,CT2020,Manhattan,36061004200,1004200,5216,48.2,51.8,77,51,42,"1,482","1,341",498,380,240,174,132,144,135,141,131,107,60,42,39,21.9,205,379,"2,587",478,"1,906",82.2,1.67,505530126.0,936398.93987,4.0
2020,CT2020,Manhattan,36061004300,1004300,4158,51.2,48.8,93,63,62,85,363,896,636,333,234,179,213,198,175,195,185,105,61,82,33.6,267,628,0,649,"2,730",89.0,1.71,267203905.0,1605585.00792,3.0
2020,CT2020,Manhattan,36061004400,1004400,17222,44.2,55.8,712,470,357,420,"2,437","2,815","1,641","1,185",853,638,731,903,944,967,838,589,365,357,34.0,"1,744","3,116",0,"3,332","8,802",94.7,2.06,469682066.0,4277834.69893,5.0
2020,CT2020,Manhattan,36061004500,1004500,1093,51.1,48.9,46,39,62,49,98,94,99,58,74,79,79,84,58,49,62,26,17,20,40.0,175,174,0,259,595,82.7,2.22,388020257.0,1129524.35465,3.0
2020,CT2020,Manhattan,36061004800,1004800,6955,46.0,54.0,181,129,127,319,"1,052","1,035",769,529,360,314,351,315,327,342,306,210,155,134,34.0,518,"1,147",629,965,"3,857",91.4,1.72,87684496.0,1920852.09121,2.0
2020,CT2020,Manhattan,36061004900,1004900,4777,47.0,53.0,129,99,98,125,378,864,613,403,254,218,243,220,217,245,261,207,116,87,35.8,406,916,0,805,"3,266",86.2,1.69,222035585.0,2226124.32265,3.0
2020,CT2020,Manhattan,36061005000,1005000,5223,45.5,54.5,153,126,138,111,397,825,698,500,325,279,268,245,269,247,226,183,115,118,36.2,479,889,67,892,"3,710",84.2,1.65,423184914.0,1793935.47977,4.0
2020,CT2020,Manhattan,36061005200,1005200,3808,46.7,53.3,150,119,119,371,656,350,313,239,198,240,195,155,175,176,161,94,42,55,31.9,458,528,758,665,"1,799",87.2,1.93,853474637.0,1815428.99169,3.0
2020,CT2020,Manhattan,36061005400,1005400,4909,48.7,51.3,178,158,133,98,266,661,624,394,337,289,267,329,275,287,291,164,89,69,39.2,533,900,0,951,"3,111",90.0,1.75,247495824.0,1809255.65823,2.0
2020,CT2020,Manhattan,36061005501,1005501,4564,48.4,51.6,239,176,174,121,374,471,468,422,370,293,254,239,254,209,167,130,103,100,37.9,670,709,498,971,"2,446",85.8,1.93,141705216.0,1338496.76795,2.0
2020,CT2020,Manhattan,36061005502,1005502,1956,51.2,48.8,75,77,50,59,96,285,325,177,130,111,112,107,98,81,67,51,30,25,35.2,241,254,0,388,"1,300",85.2,1.75,237838084.0,1243017.22804,2.0
2020,CT2020,Manhattan,36061005600,1005600,4281,49.8,50.2,297,158,97,76,261,623,535,416,272,270,270,270,209,214,149,97,39,28,35.8,597,527,0,700,"2,777",85.1,1.62,862104713.0,1878253.48966,3.0
2020,CT2020,Manhattan,36061005700,1005700,2998,48.6,51.4,157,107,73,68,125,399,425,282,189,139,147,139,127,160,168,126,53,114,37.5,380,621,0,640,"1,854",91.4,1.76,505648336.0,1153607.13497,3.0
2020,CT2020,Manhattan,36061005800,1005800,5109,50.2,49.8,216,136,106,73,252,981,"1,132",642,364,289,235,179,139,115,97,81,37,35,33.1,506,365,0,"1,052","3,378",87.8,1.72,538172744.0,1879679.38883,3.0
2020,CT2020,Manhattan,36061005900,1005900,5707,45.7,54.3,166,154,124,865,280,378,528,380,324,267,283,350,308,370,329,232,166,203,39.7,519,"1,300",821,"1,090","3,388",85.6,1.68,166926400.0,1250316.20744,2.0
2020,CT2020,Manhattan,36061006000,1006000,5290,46.4,53.6,345,359,324,168,226,368,329,450,466,416,308,224,213,222,232,214,165,261,40.8,"1,152","1,094",0,"1,302","2,489",94.9,2.23,264451828.0,1297728.46489,3.0
2020,CT2020,Manhattan,36061006100,1006100,5494,46.5,53.5,185,142,119,"1,330",310,536,526,391,274,252,260,241,222,227,179,164,73,63,31.3,522,706,"1,270",789,"2,865",83.4,1.73,863162123.0,1528504.22529,4.0
2020,CT2020,Manhattan,36061006200,1006200,3686,51.2,48.8,130,109,111,105,374,703,445,247,190,191,177,214,188,153,135,94,63,57,33.4,406,502,0,637,"1,776",92.6,1.98,78960996.0,3167924.50673,2.0
2020,CT2020,Manhattan,36061006300,1006300,6707,47.7,52.3,206,209,184,206,512,703,812,567,376,331,403,378,390,348,384,294,210,194,39.5,706,"1,430",249,"1,271","4,381",87.6,1.68,377913577.0,1918265.47759,4.0
2020,CT2020,Manhattan,36061006400,1006400,8744,44.3,55.7,251,175,165,262,941,"1,653","1,213",738,506,388,392,379,360,346,394,255,162,164,33.5,692,"1,321",297,"1,378","5,637",89.0,1.68,184253476.0,1934407.85641,2.0
2020,CT2020,Manhattan,36061006500,1006500,6721,48.3,51.7,111,129,101,779,814,"1,510",901,465,266,220,220,271,200,222,201,144,65,102,29.7,387,734,981,770,"3,863",90.7,1.63,397230121.0,2167367.11549,4.0
2020,CT2020,Manhattan,36061006600,1006600,12341,44.7,55.3,287,229,216,666,"1,701","2,316","1,234",744,545,545,531,557,573,562,536,464,326,309,32.6,904,"2,197",530,"1,827","7,262",93.3,1.72,267840080.0,1880521.00138,3.0
2020,CT2020,Manhattan,36061006700,1006700,5547,46.9,53.1,92,63,79,104,388,"1,272",902,444,294,251,305,289,240,215,233,166,97,113,33.9,300,824,0,749,"3,895",89.9,1.55,80946009.0,1812883.02278,2.0
2020,CT2020,Manhattan,36061006800,1006800,7706,46.1,53.9,181,117,91,414,"1,209","1,408","1,022",549,418,313,320,371,377,294,271,180,89,82,31.7,459,916,932,969,"4,681",88.5,1.58,225030001.0,1877720.93515,2.0
2020,CT2020,Manhattan,36061006900,1006900,2799,49.9,50.1,170,93,74,119,339,221,377,305,202,142,164,162,128,118,92,56,16,21,35.1,383,303,313,569,"1,564",82.9,1.88,600138853.0,2362610.04716,3.0
2020,CT2020,Manhattan,36061007001,1007001,4550,45.3,54.7,134,101,108,123,576,897,566,305,212,198,193,172,179,170,194,164,128,130,32.6,408,786,152,728,"2,921",90.0,1.66,427580329.0,967528.063609,4.0
2020,CT2020,Manhattan,36061007100,1007100,5851,50.6,49.4,148,128,111,100,333,967,842,520,289,358,307,365,352,290,258,230,133,120,37.5,445,"1,031",0,927,"3,891",85.7,1.64,256219729.0,1774264.3421,3.0
2020,CT2020,Manhattan,36061007200,1007200,9358,44.5,55.5,305,161,150,125,"1,529","2,256","1,227",736,428,421,355,335,319,271,241,206,146,147,30.5,696,"1,011",208,"1,299","5,761",90.2,1.69,504862999.0,1877428.79582,5.0
2020,CT2020,Manhattan,36061007300,1007300,6180,50.1,49.9,110,93,97,84,377,"1,295","1,048",567,378,291,322,312,272,299,225,196,105,109,34.9,352,934,0,908,"4,491",88.7,1.55,247090954.0,1778587.97432,3.0
2020,CT2020,Manhattan,36061007400,1007400,5698,43.9,56.1,174,76,45,321,853,"1,006",838,499,416,252,309,247,201,143,140,84,56,38,32.1,336,461,622,873,"3,646",82.4,1.61,274833577.0,1879420.44891,3.0
2020,CT2020,Manhattan,36061007600,1007600,2921,41.4,58.6,84,61,40,46,488,521,368,269,206,158,134,168,128,93,57,51,13,36,32.8,210,250,0,403,"1,900",79.6,1.72,222337921.0,1873518.14596,2.0
2020,CT2020,Manhattan,36061007700,1007700,6192,49.4,50.6,142,125,138,114,312,"1,128",956,501,328,344,362,351,321,305,337,201,127,100,36.3,501,"1,070",0,976,"4,347",89.2,1.59,486914440.0,1924995.85467,3.0
2020,CT2020,Manhattan,36061007800,1007800,9109,47.4,52.6,327,237,203,173,834,"1,629","1,262",948,615,550,439,412,365,325,302,216,125,147,34.4,884,"1,115",0,"1,673","6,011",88.9,1.7,159239161.0,1912109.89721,2.0
2020,CT2020,Manhattan,36061007900,1007900,4442,49.5,50.5,177,156,128,92,159,469,645,385,328,285,247,273,261,259,200,173,124,81,40.1,521,837,0,896,"2,963",87.1,1.71,313192421.0,2986116.29378,4.0
2020,CT2020,Manhattan,36061008000,1008000,5906,47.2,52.8,183,114,94,102,553,896,703,443,349,294,321,392,353,320,296,191,172,130,38.0,462,"1,109",105,"1,014","4,003",84.2,1.64,1431793299.0,1855976.69853,5.0
2020,CT2020,Manhattan,36061008100,1008100,7853,52.2,47.8,220,189,147,134,419,"1,282","1,109",689,520,450,492,523,490,378,336,247,130,98,37.8,640,"1,189",0,"1,292","5,420",88.5,1.62,223801600.0,1875912.49868,2.0
2020,CT2020,Manhattan,36061008200,1008200,3414,45.3,54.7,104,65,56,67,248,539,480,284,191,230,186,190,175,160,196,107,57,79,37.5,272,599,0,663,"2,515",82.0,1.65,51265600.0,1856719.42016,2.0
2020,CT2020,Manhattan,36061008300,1008300,3853,48.3,51.7,114,113,118,132,303,549,439,308,288,213,261,261,201,180,147,105,67,54,36.9,435,553,0,695,"2,373",87.0,1.87,508602795.0,1873011.55559,5.0
2020,CT2020,Manhattan,36061008400,1008400,1985,50.2,49.8,55,23,15,44,151,302,320,218,157,164,133,122,101,77,44,16,12,31,36.9,113,180,0,304,"1,878",51.3,1.66,143334637.0,1862741.7982,3.0
2020,CT2020,Manhattan,36061008601,1008601,4853,49.8,50.2,164,181,159,143,819,951,582,332,320,243,255,194,169,160,91,46,22,22,30.1,575,341,0,867,"3,366",77.4,1.86,165173904.0,1239411.11724,2.0
2020,CT2020,Manhattan,36061008700,1008700,6510,51.7,48.3,196,158,167,115,384,"1,144","1,023",628,470,400,422,404,301,238,181,140,69,70,35.4,592,698,0,"1,088","4,390",89.0,1.66,774275737.0,1780834.06535,3.0
2020,CT2020,Manhattan,36061008800,1008800,8852,46.5,53.5,260,195,188,141,716,"1,312","1,171",805,543,505,526,501,467,442,427,298,183,172,37.6,716,"1,522",0,"1,565","6,662",85.8,1.55,82545569.0,1929071.60138,3.0
2020,CT2020,Manhattan,36061008900,1008900,5957,52.1,47.9,215,165,145,152,349,935,811,510,389,401,354,381,348,278,197,152,87,88,36.6,613,802,270,986,"3,567",90.6,1.74,518440174.0,1782674.05105,5.0
2020,CT2020,Manhattan,36061009000,1009000,8830,46.8,53.2,282,202,209,132,783,"1,466","1,144",768,552,469,465,462,411,409,386,288,235,167,36.0,769,"1,485",0,"1,576","6,051",85.8,1.67,142602452.0,1882584.35324,4.0
2020,CT2020,Manhattan,36061009100,1009100,7362,51.2,48.8,213,182,169,138,515,"1,342","1,059",718,448,435,438,458,418,351,226,125,67,60,35.3,655,829,0,"1,148","4,858",88.3,1.63,254593936.0,1927040.12601,2.0
2020,CT2020,Manhattan,36061009200,1009200,1866,50.6,49.4,38,27,25,30,192,390,303,163,136,97,80,89,88,63,45,37,27,36,33.5,112,208,0,290,"1,425",81.0,1.57,349656850.0,2118430.84368,3.0
2020,CT2020,Manhattan,36061009300,1009300,9325,50.2,49.8,275,269,281,244,423,848,842,649,633,608,744,734,709,583,546,397,265,275,46.7,"1,001","2,066",0,"1,809","5,781",93.2,1.71,156325009.0,1929422.57462,2.0
2020,CT2020,Manhattan,36061009400,1009400,109,46.8,53.2,6,1,1,7,8,26,11,2,4,14,4,1,7,5,4,1,4,3,33.5,13,17,0,19,71,80.3,1.82,261324037.0,1646379.21085,3.0
2020,CT2020,Manhattan,36061009500,1009500,3892,39.7,60.3,101,76,76,829,516,437,399,271,183,181,217,175,138,129,74,42,23,25,29.2,279,293,"1,120",469,"1,697",83.3,1.74,246709849.0,1851171.24881,2.0
2020,CT2020,Manhattan,36061009600,1009600,608,64.1,35.9,7,6,4,2,44,87,67,56,47,57,89,68,41,17,10,1,3,2,44.0,18,33,0,31,255,52.2,1.54,95257600.0,1887288.38572,2.0
2020,CT2020,Manhattan,36061009700,1009700,5071,46.4,53.6,110,116,153,145,298,336,324,265,285,272,420,341,457,413,400,296,204,236,52.8,461,"1,549",0,988,"2,790",92.9,1.77,521488833.0,1860581.09401,4.0
2020,CT2020,Manhattan,36061009800,1009800,8078,46.7,53.3,286,170,150,124,667,"1,322",981,752,458,426,484,522,424,365,319,277,178,173,36.7,675,"1,312",0,"1,470","5,783",83.0,1.67,184217043.0,1906396.56071,4.0
2020,CT2020,Manhattan,36061009901,1009901,2093,54.2,45.8,96,79,67,55,78,227,298,265,205,192,158,145,100,43,36,20,21,8,37.7,281,128,0,411,"1,373",81.9,1.81,371448529.0,4211423.91862,2.0
2020,CT2020,Manhattan,36061009902,1009902,3848,53.0,47.0,171,118,90,62,228,587,812,500,330,287,233,160,100,76,54,16,13,11,34.1,419,170,0,752,"2,598",90.6,1.64,381568994.0,2006894.84252,3.0
2020,CT2020,Manhattan,36061009903,1009903,2380,55.6,44.4,85,51,54,22,307,551,454,209,150,88,106,108,79,49,30,16,9,12,30.9,207,116,0,364,"1,507",89.1,1.7,324816120.0,4533958.7744,4.0
2020,CT2020,Manhattan,36061010000,1010000,2170,50.0,50.0,65,43,25,32,194,397,304,159,170,122,101,146,98,90,78,54,45,47,35.6,152,314,0,309,"1,597",74.5,1.62,50098084.0,1859881.00494,2.0
2020,CT2020,Manhattan,36061010100,1010100,2596,53.6,46.4,122,69,81,88,396,398,409,203,155,107,138,140,101,73,53,29,23,11,31.8,299,189,0,300,"1,371",89.4,1.62,999490577.0,1891377.98652,5.0
2020,CT2020,Manhattan,36061010200,1010200,283,53.7,46.3,7,9,7,10,14,22,30,14,16,14,12,14,15,38,26,19,5,11,49.3,30,99,0,75,329,46.5,1.77,56655729.0,1860992.68904,2.0
2020,CT2020,Manhattan,36061010300,1010300,4095,41.3,58.7,85,67,45,371,"1,051",625,524,348,250,143,170,115,109,70,56,35,21,10,28.6,212,192,"1,019",476,"2,253",88.4,1.52,1097219188.0,1875852.82348,3.0
2020,CT2020,Manhattan,36061010400,1010400,983,48.4,51.6,35,9,15,19,70,94,89,67,85,36,60,73,66,75,69,45,45,31,46.4,76,265,0,226,"1,210",51.1,1.58,125708944.0,1864600.36943,2.0
2020,CT2020,Manhattan,36061010601,1010601,8256,44.1,55.9,240,195,216,206,234,452,504,421,310,362,420,484,658,794,817,708,559,676,60.7,795,"3,554",0,"2,116","5,585",85.9,1.72,7573504.0,1313234.83747,2.0
2020,CT2020,Manhattan,36061010602,1010602,5489,49.6,50.4,392,257,208,118,180,489,792,590,466,419,318,288,275,202,180,141,67,107,37.4,941,697,0,"1,200","2,952",88.4,1.98,6160324.0,1336810.85263,2.0
2020,CT2020,Manhattan,36061010801,1010801,3297,46.0,54.0,147,92,96,75,194,325,420,283,226,219,199,215,168,155,170,145,91,77,40.4,377,638,21,674,"2,174",90.9,1.66,97212890.0,763140.638222,3.0
2020,CT2020,Manhattan,36061010802,1010802,3805,46.1,53.9,171,124,106,69,211,458,404,289,214,210,187,241,238,225,206,210,123,119,41.6,451,883,0,827,"2,462",88.3,1.75,20638849.0,617743.754913,2.0
2020,CT2020,Manhattan,36061010900,1010900,407,65.1,34.9,1,10,3,16,40,52,54,46,33,37,42,27,27,7,0,3,7,2,38.0,23,19,0,48,153,92.2,1.82,97696397.0,1891364.51329,3.0
2020,CT2020,Manhattan,36061011000,1011000,7671,44.1,55.9,392,240,218,138,465,"1,113","1,118",745,493,414,355,372,324,320,318,269,164,213,35.8,943,"1,284",0,"1,544","5,089",87.3,1.72,147093986.0,1901324.29032,3.0
2020,CT2020,Manhattan,36061011100,1011100,6138,52.9,47.1,127,83,102,148,704,"1,095",945,633,374,416,423,363,299,184,105,66,45,26,34.1,366,426,109,815,"3,411",86.7,1.7,74046025.0,1889083.36876,2.0
2020,CT2020,Manhattan,36061011201,1011201,1233,45.6,54.4,38,26,11,30,58,143,113,115,85,51,78,95,104,85,68,46,52,35,44.7,94,286,0,279,994,74.7,1.65,251159104.0,856164.278256,2.0
2020,CT2020,Manhattan,36061011202,1011202,500,48.0,52.0,13,11,10,12,20,45,42,21,22,19,19,32,39,33,56,44,33,29,56.9,40,195,0,128,601,47.1,1.75,30118144.0,839525.673026,2.0
2020,CT2020,Manhattan,36061011203,1011203,1420,44.6,55.4,48,59,35,31,89,155,151,115,78,59,71,105,69,88,82,69,47,69,41.3,160,355,0,310,"1,238",66.4,1.7,108659776.0,841193.010068,2.0
2020,CT2020,Manhattan,36061011300,1011300,216,54.2,45.8,3,3,1,4,12,26,47,24,19,22,6,24,13,7,1,3,1,0,37.3,10,12,0,17,130,76.9,1.44,1164162593.0,1890907.26841,5.0
2020,CT2020,Manhattan,36061011401,1011401,1361,47.2,52.8,47,71,40,40,54,77,75,73,70,85,81,93,93,76,107,122,64,93,52.6,187,462,0,361,"1,365",53.0,1.86,45144961.0,1060696.27738,2.0
2020,CT2020,Manhattan,36061011500,1011500,3863,53.8,46.2,169,66,62,185,409,690,611,384,315,212,199,189,104,91,86,42,20,29,32.4,342,268,0,688,"2,522",82.8,1.71,90897156.0,1889849.28657,2.0
2020,CT2020,Manhattan,36061011700,1011700,5256,52.5,47.5,165,137,146,147,368,793,956,688,457,369,304,288,165,119,68,49,18,19,34.6,535,273,0,"1,027","3,521",89.6,1.65,515119778.0,2125062.02578,3.0
2020,CT2020,Manhattan,36061011800,1011800,9688,44.1,55.9,459,328,362,243,495,"1,063","1,111",790,565,509,545,567,547,472,537,460,297,338,39.9,"1,320","2,104",0,"2,225","6,175",86.8,1.8,196874745.0,1903276.16599,4.0
2020,CT2020,Manhattan,36061011900,1011900,1666,62.8,37.2,97,73,55,37,84,117,111,73,84,84,93,150,168,176,106,84,39,35,51.4,244,440,0,57,"1,060",89.2,1.14,157628025.0,1911310.687,2.0
2020,CT2020,Manhattan,36061012000,1012000,3905,44.4,55.6,183,155,130,148,143,185,216,222,183,209,212,248,296,284,297,300,237,257,54.2,560,"1,375",0,971,"2,604",77.0,1.9,16410601.0,1862415.5113,2.0
2020,CT2020,Manhattan,36061012101,1012101,3408,56.6,43.4,45,32,37,38,354,589,457,289,230,206,243,268,203,182,114,46,37,38,37.2,130,417,0,429,"2,437",83.8,1.52,323887961.0,959570.57603,3.0
2020,CT2020,Manhattan,36061012102,1012102,5236,54.6,45.4,68,78,95,109,366,534,404,334,268,270,369,411,462,521,418,201,187,141,51.0,312,"1,468",0,916,"3,558",92.8,1.58,138521954.0,959890.059289,3.0
2020,CT2020,Manhattan,36061012200,1012200,3425,44.1,55.9,85,101,105,135,125,137,151,143,107,145,211,244,275,326,297,344,220,274,60.3,382,"1,461",0,916,"2,814",68.8,1.77,8721565.0,1857829.44403,3.0
2020,CT2020,Manhattan,36061012400,1012400,10845,43.8,56.2,553,399,289,279,599,"1,686","1,626",958,638,543,489,555,475,472,445,314,208,317,35.0,"1,420","1,756",156,"2,118","6,803",89.7,1.72,96442180.0,1847564.37668,3.0
2020,CT2020,Manhattan,36061012500,1012500,2901,51.8,48.2,59,40,48,27,308,594,491,285,185,154,164,133,103,106,75,67,36,26,33.6,156,310,0,415,"2,117",74.1,1.63,203262049.0,1875481.30316,2.0
2020,CT2020,Manhattan,36061012602,1012602,6400,41.6,58.4,340,214,259,165,368,803,862,504,376,358,304,310,315,292,305,254,188,183,36.3,924,"1,222",0,"1,357","3,913",87.7,1.83,60322345.0,960965.25201,3.0
2020,CT2020,Manhattan,36061012700,1012700,7282,57.9,42.1,109,111,115,142,630,"1,188","1,055",749,481,449,462,486,410,369,225,159,80,62,36.7,422,895,0,"1,122","4,909",87.5,1.67,215587633.0,1872371.15965,3.0
2020,CT2020,Manhattan,36061012800,1012800,6545,45.3,54.7,305,303,371,304,224,317,349,337,378,370,448,413,422,414,468,433,316,373,50.1,"1,172","2,004",0,"1,690","3,767",82.9,2.08,6708100.0,1924402.67751,2.0
2020,CT2020,Manhattan,36061012901,1012901,7959,53.1,46.9,327,292,220,185,734,"1,312","1,305",839,605,488,512,384,278,189,108,81,63,37,33.1,959,478,0,"1,319","5,130",90.4,1.64,120275089.0,2303134.24977,2.0
2020,CT2020,Manhattan,36061013000,1013000,3911,44.3,55.7,136,130,146,204,163,135,124,153,149,186,215,270,318,287,344,352,263,336,59.2,543,"1,582",0,"1,050","2,769",71.4,1.98,31073237.0,1918144.60557,3.0
2020,CT2020,Manhattan,36061013100,1013100,3962,50.6,49.4,178,64,85,59,343,672,595,387,238,208,190,181,164,130,133,128,105,102,34.9,351,598,0,658,"2,792",84.4,1.54,272249729.0,1874645.76618,4.0
2020,CT2020,Manhattan,36061013300,1013300,6782,55.0,45.0,188,109,106,115,767,"1,254",990,746,471,369,359,291,312,208,173,149,80,95,34.3,461,705,0,"1,108","4,442",87.9,1.73,242020011.0,1876670.07208,4.0
2020,CT2020,Manhattan,36061013400,1013400,11882,43.5,56.5,541,401,434,323,609,"1,611","1,510","1,017",733,669,687,673,596,586,586,397,244,265,37.5,"1,580","2,078",156,"2,282","7,470",89.9,1.73,105775286.0,1956780.69997,4.0
2020,CT2020,Manhattan,36061013501,1013501,5504,51.3,48.7,220,136,168,167,396,698,801,606,427,342,296,326,245,205,173,128,86,84,36.2,623,676,0,"1,105","3,143",94.1,1.85,72306946.0,2175808.69657,3.0
2020,CT2020,Manhattan,36061013603,1013603,4387,43.4,56.6,242,194,181,98,150,491,575,382,299,290,221,182,189,197,243,176,129,148,38.1,678,893,0,937,"2,581",93.3,1.82,19053225.0,579210.508339,2.0
2020,CT2020,Manhattan,36061013604,1013604,5057,42.7,57.3,168,152,178,132,397,806,565,393,310,276,294,277,226,246,258,188,89,102,36.5,593,883,0,959,"3,185",90.3,1.76,9803161.0,771854.003717,2.0
2020,CT2020,Manhattan,36061013700,1013700,7308,49.0,51.0,301,183,173,176,396,827,888,641,406,409,463,445,366,426,393,316,222,277,40.7,772,"1,634",79,"1,462","5,809",70.6,1.67,518461325.0,2434387.92434,4.0
2020,CT2020,Manhattan,36061013800,1013800,13109,43.3,56.7,540,417,404,357,652,"1,932","1,832","1,237",769,713,698,540,586,524,594,514,368,432,36.6,"1,612","2,432",0,"2,438","8,067",91.4,1.73,52230098.0,1959555.77821,3.0
2020,CT2020,Manhattan,36061013900,1013900,9988,52.6,47.4,235,133,123,124,651,"1,419","1,448",994,706,618,651,629,588,543,433,336,214,143,39.0,566,"1,669",90,"1,591","7,275",86.7,1.53,86322681.0,1954943.59023,2.0
2020,CT2020,Manhattan,36061014000,1014000,8050,45.8,54.2,359,412,459,380,374,628,563,516,478,484,535,517,476,445,478,391,263,292,43.4,"1,476","1,869",0,"1,974","4,433",87.6,2.06,71722934.0,1925984.24386,6.0
2020,CT2020,Manhattan,36061014200,1014200,4463,45.8,54.2,136,220,254,231,182,165,151,176,202,269,261,303,365,316,363,361,244,264,54.7,762,"1,548",0,"1,189","2,777",77.0,2.08,18472804.0,1927688.31926,2.0
2020,CT2020,Manhattan,36061014300,1014300,129,86.8,13.2,3,2,1,8,1,0,14,4,9,12,35,22,9,6,0,1,0,2,51.7,12,9,0,5,5,100.0,3.4,1037145239.0,38312378.7978,16.0
2020,CT2020,Manhattan,36061014401,1014401,5040,43.8,56.2,161,180,205,196,273,499,432,341,296,255,313,357,339,292,359,229,149,164,44.0,674,"1,193",0,"1,157","2,881",93.7,1.87,14676561.0,807979.699586,2.0
2020,CT2020,Manhattan,36061014402,1014402,7151,44.1,55.9,272,288,291,247,373,811,890,596,432,407,404,393,357,355,379,290,181,185,38.2,"1,008","1,390",0,"1,507","4,236",92.9,1.81,6607714.0,1878963.53306,3.0
2020,CT2020,Manhattan,36061014500,1014500,7532,44.7,55.3,349,213,170,805,764,499,673,587,434,452,427,462,400,375,323,245,160,194,37.3,834,"1,297","1,191","1,573","4,294",80.4,1.83,398641156.0,1899180.81673,2.0
2020,CT2020,Manhattan,36061014601,1014601,4481,44.5,55.5,225,133,115,107,250,854,884,432,292,230,194,192,164,126,125,74,42,42,32.6,540,409,0,801,"2,788",93.1,1.71,9126441.0,799778.07503,2.0
2020,CT2020,Manhattan,36061014602,1014602,9061,44.5,55.5,461,340,267,202,389,"1,346","1,389",896,580,514,487,398,377,407,409,286,156,157,35.6,"1,221","1,415",0,"1,902","5,475",92.5,1.79,414736.0,1175299.121,2.0
2020,CT2020,Manhattan,36061014700,1014700,2987,49.6,50.4,295,145,85,44,60,357,588,410,226,203,138,132,117,73,39,38,14,23,34.0,556,187,0,726,"1,822",84.4,1.93,211431952.0,703936.204234,3.0
2020,CT2020,Manhattan,36061014802,1014802,7494,45.2,54.8,317,360,357,324,402,767,758,528,484,407,547,444,357,332,407,270,240,193,39.4,"1,242","1,442",0,"1,741","4,206",87.0,2.05,37249.0,1351072.74864,2.0
2020,CT2020,Manhattan,36061014900,1014900,6351,45.6,54.4,222,195,216,552,215,401,609,416,362,286,418,444,416,398,368,375,214,244,44.8,957,"1,599",359,"1,448","4,108",82.0,1.77,98247744.0,1880350.1967,2.0
2020,CT2020,Manhattan,36061015002,1015002,5642,45.0,55.0,193,255,351,304,247,146,165,186,224,330,323,409,446,409,502,491,298,363,56.1,985,"2,063",0,"1,630","2,932",87.6,2.19,19686969.0,1352304.14647,2.0
2020,CT2020,Manhattan,36061015101,1015101,3756,39.7,60.3,159,196,214,211,365,407,244,184,188,153,185,264,208,216,171,165,117,109,37.1,693,778,0,855,"1,842",94.1,2.17,21160000.0,1179802.65734,2.0
2020,CT2020,Manhattan,36061015102,1015102,8254,46.8,53.2,611,469,432,330,450,674,979,868,780,593,553,427,315,265,181,147,109,71,35.9,"1,729",773,0,"1,996","5,868",69.2,2.03,48818169.0,2391493.14574,2.0
2020,CT2020,Manhattan,36061015302,1015302,6032,45.8,54.2,316,266,265,164,214,456,709,539,477,402,428,368,365,292,248,214,142,167,40.8,961,"1,063",0,"1,377","3,867",85.8,1.81,62125924.0,938455.16746,2.0
2020,CT2020,Manhattan,36061015401,1015401,5189,44.9,55.1,187,157,173,120,378,968,810,503,324,264,311,213,181,218,167,107,55,53,33.4,596,600,0,982,"3,182",94.0,1.73,38018921.0,763019.686876,3.0
2020,CT2020,Manhattan,36061015402,1015402,4503,46.7,53.3,180,191,137,106,311,765,702,405,294,226,261,208,184,188,166,86,59,34,33.7,574,533,0,913,"2,549",94.2,1.88,11108889.0,590439.348123,2.0
2020,CT2020,Manhattan,36061015403,1015403,5738,43.0,57.0,297,270,295,213,232,403,469,407,393,342,353,372,352,354,352,255,191,188,43.6,"1,001","1,340",0,"1,340","2,940",95.8,1.99,7772944.0,555763.313203,2.0
2020,CT2020,Manhattan,36061015502,1015502,5759,44.4,55.6,273,297,259,183,169,347,549,473,384,408,403,373,288,296,334,261,190,272,44.4,960,"1,353",0,"1,449","3,457",89.0,1.87,23697424.0,1107525.48677,2.0
2020,CT2020,Manhattan,36061015601,1015601,5568,44.1,55.9,276,172,121,118,373,"1,116","1,031",562,311,247,224,238,228,162,117,69,73,130,32.4,646,551,0,"1,056","3,256",88.5,1.89,25431849.0,791936.964941,2.0
2020,CT2020,Manhattan,36061015602,1015602,2154,44.2,55.8,110,98,108,109,130,219,267,171,140,145,137,113,104,99,63,57,45,39,36.1,388,303,0,515,"1,096",94.0,2.08,2686321.0,1169910.01639,2.0
2020,CT2020,Manhattan,36061015700,1015700,11197,46.0,54.0,426,368,319,601,560,"1,038","1,259",929,680,643,635,641,697,691,593,469,317,331,40.6,"1,296","2,401",490,"2,296","7,056",87.7,1.73,145814180.0,1958586.74025,3.0
2020,CT2020,Manhattan,36061015801,1015801,5600,44.4,55.6,275,238,257,246,409,487,547,427,299,298,311,339,350,279,301,234,136,167,38.8,908,"1,117",213,"1,326","2,935",90.9,2.02,3640464.0,1353075.76216,2.0
2020,CT2020,Manhattan,36061015900,1015900,10054,46.2,53.8,456,483,401,327,307,663,804,680,682,664,733,656,702,739,685,465,294,313,46.8,"1,578","2,496",0,"2,357","6,413",84.5,1.84,202707290.0,1874866.35165,3.0
2020,CT2020,Manhattan,36061016002,1016002,3607,45.8,54.2,146,116,132,229,652,483,359,209,125,135,161,189,150,150,110,96,88,77,30.5,494,521,539,697,"1,490",92.2,2.23,13527684.0,554133.190156,2.0
2020,CT2020,Manhattan,36061016100,1016100,6617,47.0,53.0,256,287,204,179,225,857,953,643,413,334,371,356,349,323,354,280,107,126,37.3,870,"1,190",0,"1,390","4,228",87.3,1.79,34539129.0,1677359.66531,2.0
2020,CT2020,Manhattan,36061016200,1016200,9033,41.9,58.1,404,480,499,544,647,758,642,502,499,497,555,565,677,547,494,306,215,202,40.3,"1,692","1,764",0,"2,195","4,070",96.2,2.3,16534457.0,2927429.50858,3.0
2020,CT2020,Manhattan,36061016300,1016300,7292,47.5,52.5,298,351,319,230,238,566,736,525,519,518,467,477,422,417,436,314,215,244,43.8,"1,126","1,626",0,"1,512","4,325",83.4,1.86,38912660.0,2861363.31987,3.0
2020,CT2020,Manhattan,36061016400,1016400,7371,44.3,55.7,381,422,485,592,462,587,603,554,466,423,462,507,416,339,290,170,89,123,36.2,"1,654","1,011",0,"1,849","3,171",97.6,2.38,11720976.0,1911300.53077,4.0
2020,CT2020,Manhattan,36061016600,1016600,7012,45.7,54.3,344,343,347,356,547,853,743,552,448,421,396,391,373,288,226,164,111,109,34.8,"1,256",898,0,"1,380","3,307",93.3,2.11,6980164.0,1871913.93572,2.0
2020,CT2020,Manhattan,36061016700,1016700,7210,47.8,52.2,435,415,356,248,271,528,499,597,494,487,440,466,416,414,411,314,216,203,42.5,"1,373","1,558",0,"1,676","3,817",88.1,2.07,61515925.0,2195045.97835,3.0
2020,CT2020,Manhattan,36061016800,1016800,4964,45.2,54.8,189,264,275,304,308,388,304,232,262,276,369,360,389,310,249,172,138,175,44.1,914,"1,044",0,"1,126","1,889",94.5,2.39,39762282.0,2151969.42963,6.0
2020,CT2020,Manhattan,36061016900,1016900,8526,47.7,52.3,355,351,330,278,383,868,876,763,525,572,563,556,497,470,439,327,196,177,40.4,"1,211","1,609",0,"1,943","4,909",90.0,1.91,70228964.0,1937087.87968,3.0
2020,CT2020,Manhattan,36061017000,1017000,7991,45.0,55.0,355,339,387,398,608,693,633,496,463,476,527,477,491,442,371,308,247,280,40.6,"1,342","1,648",0,"1,829","3,467",96.4,2.28,3258025.0,1969157.88721,2.0
2020,CT2020,Manhattan,36061017100,1017100,9694,46.4,53.6,455,460,468,469,414,745,721,650,524,607,620,656,679,747,623,423,214,219,44.5,"1,630","2,226",173,"2,110","4,956",91.8,1.98,38091418.0,2262383.01448,3.0
2020,CT2020,Manhattan,36061017200,1017200,5441,47.1,52.9,285,280,292,347,474,662,523,418,331,334,298,293,243,193,148,120,117,83,33.5,"1,048",661,0,"1,143","2,456",93.8,2.35,8326705.0,1912754.75565,3.0
2020,CT2020,Manhattan,36061017300,1017300,8699,45.2,54.8,375,371,393,292,327,688,787,730,578,536,557,557,587,518,504,369,236,294,43.3,"1,319","1,921",0,"1,935","5,012",88.5,1.91,31798321.0,1921881.19268,2.0
2020,CT2020,Manhattan,36061017401,1017401,5449,44.3,55.7,306,285,299,342,374,424,394,306,323,286,394,393,391,295,231,162,111,133,39.9,"1,114",932,0,"1,270","2,301",94.8,2.4,10349089.0,1086203.70933,2.0
2020,CT2020,Manhattan,36061017500,1017500,11110,47.6,52.4,518,406,393,459,425,890,875,698,603,582,703,787,829,737,709,613,375,508,47.4,"1,621","2,942",0,"2,341","5,744",86.1,2.05,28926608.0,2318094.02317,3.0
2020,CT2020,Manhattan,36061017700,1017700,9382,43.6,56.4,388,371,405,372,401,590,645,651,499,502,621,637,678,688,665,581,333,355,48.7,"1,409","2,622",0,"2,306","5,101",93.0,1.98,9132484.0,1878929.74708,2.0
2020,CT2020,Manhattan,36061017800,1017800,3860,48.2,51.8,137,182,189,216,305,434,449,352,306,249,250,215,187,140,89,64,45,51,35.2,627,389,0,840,"1,897",91.0,2.22,13049002.0,2663052.14918,3.0
2020,CT2020,Manhattan,36061017900,1017900,9103,47.1,52.9,358,313,324,351,490,821,766,648,530,578,644,704,633,624,533,341,224,221,44.4,"1,204","1,943",0,"2,049","5,255",87.7,1.91,18812936.0,2278484.15436,3.0
2020,CT2020,Manhattan,36061018000,1018000,7429,45.0,55.0,359,438,483,469,589,712,758,631,499,443,442,422,377,271,186,145,105,100,34.5,"1,582",807,0,"1,738","3,139",95.7,2.46,7174388.0,2287541.25701,3.0
2020,CT2020,Manhattan,36061018100,1018100,8941,43.0,57.0,419,337,354,308,403,676,763,635,493,552,559,604,558,525,581,506,341,327,45.7,"1,317","2,280",0,"2,224","4,753",93.2,2.02,54405376.0,1489902.89327,2.0
2020,CT2020,Manhattan,36061018200,1018200,7675,44.4,55.6,404,445,491,673,671,792,651,506,421,416,488,452,386,271,255,141,105,107,32.6,"1,652",879,247,"1,674","3,079",94.5,2.44,4662869.0,1904007.70914,3.0
2020,CT2020,Manhattan,36061018300,1018300,8534,49.6,50.4,368,278,289,285,529,"1,029",830,570,506,528,556,575,568,506,453,318,186,160,40.8,"1,078","1,623",122,"1,751","4,751",87.3,1.93,39084740.0,2391021.04184,3.0
2020,CT2020,Manhattan,36061018400,1018400,7820,44.1,55.9,417,454,545,483,554,573,625,564,508,494,514,564,471,332,266,165,145,146,37.1,"1,728","1,054",0,"1,920","3,413",96.6,2.37,4536233.0,1903568.41942,3.0
2020,CT2020,Manhattan,36061018600,1018600,5127,41.5,58.5,245,326,339,371,418,462,353,308,305,256,350,338,308,248,189,130,93,88,35.7,"1,119",748,0,"1,229","2,174",95.2,2.42,3956121.0,1311722.3312,2.0
2020,CT2020,Manhattan,36061018700,1018700,9383,48.2,51.8,401,447,405,427,447,811,752,608,540,602,634,681,728,595,571,326,206,202,43.6,"1,536","1,900",0,"2,074","4,696",92.1,2.06,23522500.0,2323892.25423,2.0
2020,CT2020,Manhattan,36061018800,1018800,5697,51.9,48.1,292,322,345,330,454,644,530,480,419,325,328,324,255,210,187,106,78,68,34.2,"1,157",649,0,"1,116","2,547",90.1,2.43,5911401.0,1599420.55685,4.0
2020,CT2020,Manhattan,36061018900,1018900,11556,44.0,56.0,499,476,511,554,886,"1,206",896,637,584,605,666,725,750,718,549,445,335,514,40.7,"1,822","2,561",0,"2,508","5,327",94.0,2.18,46652361.0,2853971.29834,5.0
2020,CT2020,Manhattan,36061019000,1019000,3679,45.2,54.8,186,234,227,202,168,226,307,276,267,331,297,244,217,141,163,81,50,62,40.2,781,497,0,886,"1,765",94.5,2.19,14107536.0,1117371.70855,2.0
2020,CT2020,Manhattan,36061019100,1019100,9005,46.5,53.5,285,302,336,367,606,817,759,516,426,453,650,684,675,667,624,380,248,210,46.1,"1,166","2,129",0,"1,904","4,951",92.4,1.89,6235009.0,2385202.7285,2.0
2020,CT2020,Manhattan,36061019200,1019200,3971,42.4,57.6,222,246,293,298,350,317,293,250,239,195,273,285,211,159,133,83,55,69,34.3,954,499,0,962,"1,551",97.0,2.49,1901641.0,2038683.49438,2.0
2020,CT2020,Manhattan,36061019300,1019300,8736,43.1,56.9,276,302,310,320,"1,040","1,087",796,514,491,459,556,490,546,416,369,325,233,206,37.0,"1,071","1,549",123,"1,634","4,318",94.1,2.07,3323329.0,1892879.10542,2.0
2020,CT2020,Manhattan,36061019400,1019400,6978,47.5,52.5,382,394,443,393,492,631,636,497,454,401,462,453,448,296,258,148,90,100,35.8,"1,457",892,0,"1,548","2,883",93.8,2.45,802816.0,1882581.73032,2.0
2020,CT2020,Manhattan,36061019500,1019500,7828,49.1,50.9,224,208,274,348,"1,077",792,603,429,377,384,462,510,585,513,391,312,182,157,39.5,893,"1,555",294,"1,652","3,932",88.6,2.1,29212090.0,2338296.49011,4.0
2020,CT2020,Manhattan,36061019600,1019600,4031,48.2,51.8,125,154,145,185,256,356,331,245,216,193,208,254,237,270,247,219,166,224,45.0,536,"1,126",0,685,"1,801",93.9,2.07,3119909.0,1902453.31241,3.0
2020,CT2020,Manhattan,36061019701,1019701,1278,46.0,54.0,66,33,36,30,336,205,149,82,53,43,60,38,43,50,23,11,11,9,28.1,148,104,0,208,896,76.7,1.8,15374654.0,2535936.66451,4.0
2020,CT2020,Manhattan,36061019800,1019800,2370,50.0,50.0,101,74,93,93,102,188,226,198,167,145,162,174,174,151,133,75,51,63,43.4,324,473,0,511,"1,135",94.5,2.03,45244078.0,2431074.04061,5.0
2020,CT2020,Manhattan,36061019900,1019900,9598,45.4,54.6,284,237,251,621,"2,446","1,225",694,397,283,273,382,397,377,440,413,295,229,354,28.6,898,"1,731","2,074","1,380","4,030",87.8,1.94,6812100.0,2406577.22289,2.0
2020,CT2020,Manhattan,36061020101,1020101,1863,49.2,50.8,30,35,48,153,"1,043",123,78,66,30,37,32,44,42,35,35,14,5,13,22.2,138,102,"1,011",192,487,84.4,2.03,13942756.0,593177.228254,2.0
2020,CT2020,Manhattan,36061020102,1020102,4077,46.1,53.9,199,174,193,184,337,469,421,378,284,281,290,206,222,182,113,56,49,39,35.6,683,439,0,885,"1,906",93.0,2.28,7327849.0,901944.229502,2.0
2020,CT2020,Manhattan,36061020500,1020500,5023,31.4,68.6,149,93,100,967,"1,654",206,235,190,138,147,180,162,189,169,154,128,66,96,22.1,423,613,"2,364",686,"1,360",89.6,2.14,11740609.0,2977095.90413,3.0
2020,CT2020,Manhattan,36061020600,1020600,3628,50.4,49.6,178,183,177,159,203,366,406,358,271,259,274,251,211,145,77,64,28,18,36.9,638,332,0,707,"1,831",92.7,2.02,1535121.0,1602693.85997,2.0
2020,CT2020,Manhattan,36061020701,1020701,3035,47.1,52.9,87,52,39,121,597,916,428,185,76,77,72,68,77,64,52,54,23,47,28.2,205,240,589,420,"1,500",90.7,1.8,4748041.0,508167.888204,2.0
2020,CT2020,Manhattan,36061020800,1020800,5255,47.2,52.8,216,250,255,276,371,594,518,433,400,319,369,349,329,214,149,98,63,52,36.6,887,576,0,"1,097","2,655",90.1,2.16,8191044.0,1599291.60112,2.0
2020,CT2020,Manhattan,36061021100,1021100,10529,46.6,53.4,372,348,393,410,"1,388","1,624",985,636,494,476,520,588,571,535,412,290,216,271,33.3,"1,358","1,724","1,076","2,083","4,726",93.3,2.13,10974350.0,3738242.61053,4.0
2020,CT2020,Manhattan,36061021303,1021303,5583,49.3,50.7,223,209,244,267,471,755,691,423,391,314,359,343,280,221,156,99,81,56,34.4,830,613,52,"1,021","2,532",92.4,2.24,1811716.0,1643103.36977,2.0
2020,CT2020,Manhattan,36061021500,1021500,3856,44.7,55.3,193,223,262,226,282,443,427,351,249,213,234,222,161,132,96,70,45,27,33.4,827,370,0,914,"1,668",96.0,2.41,5712100.0,750635.025742,2.0
2020,CT2020,Manhattan,36061021600,1021600,8567,48.1,51.9,384,430,453,428,562,892,881,706,619,607,607,615,473,299,245,154,116,96,36.7,"1,535",910,0,"1,894","3,892",93.7,2.28,51307933.0,1864443.266,3.0
2020,CT2020,Manhattan,36061021800,1021800,6530,48.9,51.1,304,280,294,304,450,690,703,549,477,461,435,438,347,293,188,155,95,67,37.3,"1,066",798,0,"1,368","3,117",93.7,2.18,16066586.0,1958684.88773,3.0
2020,CT2020,Manhattan,36061021900,1021900,5696,45.2,54.8,325,372,398,410,559,507,410,318,354,322,347,352,288,205,177,135,108,109,33.2,"1,358",734,0,"1,284","2,205",93.6,2.68,78961.0,3005263.72321,2.0
2020,CT2020,Manhattan,36061022200,1022200,3293,49.0,51.0,147,130,164,173,217,359,332,228,264,194,283,257,218,123,96,37,34,37,37.5,545,327,0,664,"1,553",92.5,2.15,17063422.0,1953119.68039,4.0
2020,CT2020,Manhattan,36061022400,1022400,7346,45.7,54.3,400,466,530,496,638,611,661,539,487,403,502,433,399,297,190,143,83,68,34.1,"1,692",781,0,"1,716","3,052",95.3,2.38,1792921.0,2099457.9541,2.0
2020,CT2020,Manhattan,36061024200,1024200,4448,44.2,55.8,249,359,365,309,302,331,431,350,285,246,222,211,237,183,141,111,57,59,33.3,"1,168",551,0,"1,025","1,899",95.9,2.42,1089936.0,3716549.84021,2.0
2020,CT2020,Manhattan,36061025700,1025700,4270,46.5,53.5,202,223,246,236,283,336,415,359,333,334,322,298,242,215,84,64,49,29,37.7,836,441,0,998,"1,961",94.5,2.3,13793796.0,1550590.10064,2.0
2020,CT2020,Manhattan,36061031703,1031703,5847,49.3,50.7,678,561,355,151,140,326,652,725,683,476,289,189,137,103,108,53,48,173,35.4,"1,705",485,0,"1,496","2,801",85.9,2.41,696720037.0,2649774.01071,3.0
2020,CT2020,Manhattan,36061031704,1031704,10422,48.1,51.9,718,581,531,328,430,972,"1,125","1,091",884,819,725,598,531,369,341,166,100,113,37.2,"2,072","1,089",0,"2,574","5,462",91.7,2.07,429139625.0,2411839.49233,4.0
2020,CT2020,Queens,36081000102,4000102,7484,51.3,48.7,630,284,111,50,262,"1,233","1,675","1,322",676,407,271,244,133,99,51,15,15,6,33.5,"1,056",186,0,"1,812","4,201",92.9,1.92,4613904.0,1202283.44289,2.0
2020,CT2020,Queens,36081000103,4000103,33,63.6,36.4,1,0,0,1,2,13,7,0,2,1,1,3,1,0,0,1,0,0,28.9,2,1,0,5,18,77.8,2.36,11350161.0,1987162.2061,2.0
2020,CT2020,Queens,36081000104,4000104,27,92.6,7.4,4,2,0,2,0,0,1,4,0,5,1,0,7,1,0,0,0,0,46.5,8,1,0,2,17,82.4,1.93,131044.0,5978794.11256,2.0
2020,CT2020,Queens,36081000701,4000701,3460,51.6,48.4,283,182,94,40,104,396,596,521,401,265,153,134,95,66,59,28,22,21,35.4,592,196,0,836,"1,855",89.5,2.08,32942961.0,2590006.98924,4.0
2020,CT2020,Queens,36081000702,4000702,4260,52.0,48.0,296,135,87,84,196,574,742,601,404,279,197,168,164,143,83,59,22,26,35.1,559,333,0,981,"2,172",92.6,2.05,10363827.0,3276086.41622,4.0
2020,CT2020,Queens,36081001901,4001901,1434,52.0,48.0,79,59,30,20,72,213,302,193,130,109,70,53,39,22,21,11,3,8,33.6,180,65,0,365,855,87.8,1.9,10748277.0,2470533.58327,3.0
2020,CT2020,Queens,36081001902,4001902,8645,50.7,49.3,330,97,78,137,"1,327","2,741","2,013",871,399,173,137,150,94,47,22,20,0,9,29.2,561,98,0,"1,369","6,170",80.7,1.74,1590121.0,1909109.97602,2.0
2020,CT2020,Queens,36081001903,4001903,2214,52.1,47.9,81,29,20,24,299,636,518,258,134,74,45,32,27,12,9,2,6,8,30.1,138,37,0,416,"1,393",88.2,1.8,7214180.0,5010495.41951,5.0
2020,CT2020,Queens,36081002500,4002500,7242,40.8,59.2,397,489,463,537,495,547,409,416,330,399,475,507,490,413,375,247,136,117,38.2,"1,681","1,288",0,"1,956","3,156",98.2,2.34,5121169.0,2266376.45517,2.0
2020,CT2020,Queens,36081003100,4003100,2157,51.0,49.0,70,43,54,67,119,396,411,265,152,120,117,125,70,56,44,12,15,21,33.7,197,148,0,422,"1,085",88.2,2.08,1334528.0,1775765.17661,3.0
2020,CT2020,Queens,36081003301,4003301,4399,53.3,46.7,144,36,42,39,432,"1,368","1,111",527,242,129,86,82,83,26,24,15,7,6,30.4,248,78,0,746,"2,518",93.1,1.83,34046293.0,2066862.12622,3.0
2020,CT2020,Queens,36081003302,4003302,2166,53.6,46.4,109,74,89,88,200,327,256,176,150,159,145,135,94,51,32,47,23,11,33.4,321,164,0,417,739,93.1,2.82,3002138.0,3527015.33462,4.0
2020,CT2020,Queens,36081003700,4003700,2,100.0,,0,1,0,0,0,0,0,1,0,0,0,0,0,0,0,0,0,0,23.0,1,0,0,1,171,0.6,2.0,857476.0,4154203.05127,2.0
2020,CT2020,Queens,36081003900,4003900,1462,56.2,43.8,62,88,85,93,91,156,164,136,127,113,108,83,47,48,24,15,14,8,34.8,282,109,0,285,518,90.9,2.91,1625549.0,1580667.3349,3.0
2020,CT2020,Queens,36081004300,4004300,2326,40.3,59.7,94,172,158,152,143,143,156,126,148,121,137,166,183,142,125,72,49,39,40.6,507,427,0,646,"1,071",97.7,2.22,874097.0,1841331.48483,4.0
2020,CT2020,Queens,36081004500,4004500,3252,45.9,54.1,149,125,118,101,146,196,238,264,188,191,190,211,247,240,202,182,123,141,47.7,450,888,0,814,"1,649",93.8,2.1,2345146.0,2375492.22938,3.0
2020,CT2020,Queens,36081004700,4004700,4090,44.0,56.0,217,223,237,183,252,381,343,312,232,221,259,249,292,209,170,138,97,75,38.3,795,689,0,"1,050","1,889",97.6,2.22,2315965.0,1928980.71584,4.0
2020,CT2020,Queens,36081005300,4005300,5397,49.2,50.8,204,151,129,154,329,754,838,642,407,329,283,279,251,179,188,114,82,84,36.2,572,647,0,"1,122","2,727",95.7,2.07,5935568.0,2111785.60341,3.0
2020,CT2020,Queens,36081005500,4005500,1367,54.1,45.9,39,48,59,57,107,241,199,123,76,86,68,53,59,53,42,28,18,11,32.3,183,152,0,281,639,91.1,2.35,990025.0,1786238.07707,2.0
2020,CT2020,Queens,36081005700,4005700,4277,49.8,50.2,151,140,164,135,322,652,640,467,298,245,235,181,189,177,103,85,52,41,34.4,522,458,0,864,"2,009",96.1,2.21,3117718.0,2406263.4064,4.0
2020,CT2020,Queens,36081005900,4005900,4231,49.0,51.0,124,114,124,113,268,636,712,473,283,217,242,209,172,178,126,86,84,70,35.2,434,544,0,875,"2,119",94.6,2.1,14795321.0,2047586.87181,3.0
2020,CT2020,Queens,36081006300,4006300,5877,48.3,51.7,202,153,116,137,356,"1,061","1,011",673,426,363,311,259,213,187,149,88,87,85,34.4,557,596,0,"1,081","2,963",96.3,2.05,3778765.0,2288295.47334,3.0
2020,CT2020,Queens,36081006501,4006501,3645,49.6,50.4,120,97,79,87,222,602,575,421,278,212,199,162,188,145,93,68,42,55,35.4,341,403,0,736,"1,983",95.1,1.93,1937664.0,1198418.20825,2.0
2020,CT2020,Queens,36081006900,4006900,5196,47.3,52.7,196,138,145,156,283,748,895,519,332,261,241,180,183,186,185,153,131,264,35.3,572,919,0,"1,059","2,476",95.6,2.07,2630884.0,2266843.34782,2.0
2020,CT2020,Queens,36081007100,4007100,4355,49.0,51.0,154,115,110,137,305,761,754,477,328,229,223,165,156,148,114,87,54,38,33.8,473,441,0,866,"2,184",95.0,2.09,19192829.0,2102179.87909,4.0
2020,CT2020,Queens,36081007300,4007300,4470,48.4,51.6,173,104,110,99,210,697,837,557,339,247,233,180,191,161,148,78,52,54,35.0,446,493,0,886,"2,438",95.7,1.92,1292769.0,1522290.21541,2.0
2020,CT2020,Queens,36081007700,4007700,2114,50.5,49.5,106,72,63,75,126,314,405,250,176,119,107,75,61,76,25,27,20,17,33.8,289,165,0,450,"1,028",95.5,2.15,2329849.0,1363202.22378,3.0
2020,CT2020,Queens,36081008100,4008100,1761,52.8,47.2,105,60,58,64,93,216,312,243,165,111,96,66,72,47,18,15,9,11,34.6,270,100,0,416,881,91.4,2.19,2980000.0,1209106.35428,3.0
2020,CT2020,Queens,36081008300,4008300,3515,54.2,45.8,114,132,160,183,204,426,445,295,260,242,246,221,217,155,99,61,35,20,36.4,528,370,0,680,"1,394",94.3,2.48,657721.0,2059577.3564,2.0
2020,CT2020,Queens,36081008500,4008500,1979,65.5,34.5,138,88,100,93,129,186,214,163,156,134,160,158,111,63,45,26,9,6,36.2,370,149,0,280,456,94.1,3.08,576841.0,2942541.84494,3.0
2020,CT2020,Queens,36081008700,4008700,5176,44.2,55.8,270,314,398,426,415,418,448,420,313,292,292,335,280,212,140,82,79,42,33.9,"1,229",555,0,"1,202","2,097",94.6,2.61,245025.0,2724467.43192,2.0
2020,CT2020,Queens,36081009100,4009100,2733,50.2,49.8,118,98,100,115,169,290,294,280,201,190,187,155,141,139,78,72,61,45,38.3,382,395,0,673,"1,348",93.8,2.15,889249.0,2008480.75067,2.0
2020,CT2020,Queens,36081009500,4009500,2510,48.4,51.6,132,103,83,58,154,327,342,286,174,146,130,129,113,102,73,63,35,60,35.9,355,333,0,563,"1,087",94.8,2.44,556516.0,1770676.82895,2.0
2020,CT2020,Queens,36081009700,4009700,3860,48.5,51.5,217,172,143,131,184,441,543,387,315,255,188,191,182,144,111,95,82,79,36.4,623,511,0,924,"1,759",95.3,2.3,2276986.0,2171669.75842,3.0
2020,CT2020,Queens,36081009900,4009900,0,,,0,0,0,0,0,0,0,0,0,0,0,0,0,0,0,0,0,0,,0,0,0,0,0,,,3688249.0,2674946.29707,3.0
2020,CT2020,Queens,36081010100,4010100,2654,50.6,49.4,114,99,75,97,150,318,343,286,178,167,148,124,147,109,103,83,38,75,37.2,354,408,0,614,"1,228",93.9,2.3,1499042.0,1860062.55684,3.0
2020,CT2020,Queens,36081011500,4011500,2414,49.0,51.0,83,78,61,64,181,344,395,290,205,139,113,96,96,72,67,51,46,33,35.0,257,269,0,517,"1,199",94.2,2.14,13176616.0,1997218.90741,3.0
2020,CT2020,Queens,36081011700,4011700,3840,48.2,51.8,164,131,104,99,233,602,562,437,288,229,194,164,188,109,116,85,71,64,35.3,463,445,0,807,"1,840",94.2,2.21,550564.0,2290673.09601,2.0
2020,CT2020,Queens,36081011900,4011900,1729,50.5,49.5,48,56,52,46,116,241,282,188,122,127,98,99,64,50,40,39,44,17,35.4,182,190,0,351,866,93.1,2.15,1238769.0,1199794.97295,2.0
2020,CT2020,Queens,36081012500,4012500,1735,50.0,50.0,71,56,38,44,124,291,293,161,131,88,93,74,83,61,30,29,38,30,33.9,188,188,0,388,799,95.1,2.28,342225.0,1752242.24624,2.0
2020,CT2020,Queens,36081014300,4014300,4007,50.3,49.7,185,153,170,193,263,510,526,386,305,252,225,234,181,136,114,81,44,49,35.0,624,424,0,874,"1,810",94.6,2.34,4905829.0,1469451.95595,3.0
2020,CT2020,Queens,36081014900,4014900,2477,50.1,49.9,115,103,78,115,139,355,346,267,193,148,139,120,122,83,51,43,29,31,34.8,367,237,0,511,"1,088",94.0,2.42,3017169.0,1147477.75152,2.0
2020,CT2020,Queens,36081015300,4015300,2131,49.0,51.0,84,51,56,70,112,379,320,188,152,118,114,127,90,72,52,53,45,48,34.9,222,270,31,459,"1,070",93.3,2.09,555025.0,1309390.50649,2.0
2020,CT2020,Queens,36081015700,4015700,1655,50.3,49.7,68,70,67,67,99,209,280,184,134,106,85,78,75,42,31,18,18,24,34.4,245,133,0,364,796,96.7,2.15,9394225.0,1383061.46255,2.0
2020,CT2020,Queens,36081015900,4015900,4010,49.8,50.2,130,101,128,131,245,520,585,406,316,252,262,213,192,161,136,88,76,68,36.5,444,529,0,897,"2,053",94.4,2.07,1809025.0,1826098.28982,2.0
2020,CT2020,Queens,36081017902,4017902,124,92.7,7.3,1,2,0,1,5,4,15,7,13,13,24,25,7,1,3,2,0,1,50.2,3,7,0,3,9,66.7,5.17,1243225.0,4062482.13373,2.0
2020,CT2020,Queens,36081019902,4019902,317,45.4,54.6,5,1,2,5,38,26,19,18,23,39,47,44,31,14,2,0,3,0,47.8,9,19,0,12,18,100.0,2.61,1054864.0,6790206.44845,3.0
